Book,Chapter,Verse,Issue Type,Priority Category,Severity,Confidence,Original Tamil,Suggested Correction,Explanation,Source / Reference Note,Reviewer Decision Needed,Status
GEN,9,25,Confirmed typo,Spelling,High,High,சகோதாரர்களிடம்,சகோதரர்களிடம்,Human review 2026 (ta-irv/lexicon.known-misspelling),,No,accepted
GEN,9,26,Confirmed typo,Spelling,High,High,யெகோவாவிற்க்கு,யெகோவாவுக்கு,Human review 2026 (ta-irv/lexicon.known-misspelling),,No,accepted
GEN,10,17,Confirmed typo,Spelling,High,High,அர்கீரியர்களையும்,அர்கீயர்களையும்,Human review 2026 (ta-irv/lexicon.known-misspelling),,No,accepted
GEN,24,11,Confirmed typo,Spelling,High,High,இதயத்தில்,இருதயத்தில்,Human review 2026 (ta-irv/lexicon.known-misspelling),,No,accepted
GEN,24,48,Confirmed typo,Spelling,High,High,யெகோவவை,யெகோவாவை,Human review 2026 (ta-irv/lexicon.known-misspelling),,No,accepted
GEN,26,34,Confirmed typo,Spelling,High,High,ஏத்தியளான,ஏத்தியனான,Human review 2026 (ta-irv/lexicon.known-misspelling),,No,accepted
GEN,35,14,Confirmed typo,Spelling,High,High,எண்ணையையும்,எண்ணெயையும்,Human review 2026 (ta-irv/lexicon.known-misspelling),,No,accepted
GEN,36,12,Confirmed typo,Spelling,High,High,எலீப்பாசுக்கு,எலிப்பாசுக்கு,Human review 2026 (ta-irv/lexicon.known-misspelling),,No,accepted
GEN,36,24,Confirmed typo,Spelling,High,High,சீபெயோனின்,சிபியோனின்,Human review 2026 (ta-irv/lexicon.known-misspelling),,No,accepted
JHN,2,9,Confirmed typo,Spelling,High,High,நிரப்பின,நிரப்பிய,Human review 2026 (ta-irv/lexicon.known-misspelling),,No,accepted
PSA,10,16,Confirmed typo,Spelling,High,High,இராஜாவாக,ராஜாவாக,Human review 2026 (ta-irv/lexicon.known-misspelling),,No,accepted
PSA,11,2,Confirmed typo,Spelling,High,High,இருதயத்தார்கள்,இருதயத்தார்,Human review 2026 (ta-irv/lexicon.known-misspelling),,No,accepted
PSA,18,33,Confirmed typo,Spelling,High,High,மலைஉச்சியில்,மலையுச்சியில்,Human review 2026 (ta-irv/lexicon.known-misspelling),,No,accepted
PSA,18,50,Confirmed typo,Spelling,High,High,தாவீதிற்கும்,தாவீதுக்கும்,Human review 2026 (ta-irv/lexicon.known-misspelling),,No,accepted
PSA,19,13,Confirmed typo,Spelling,High,High,காத்துகொள்ளும்,காத்துக்கொள்ளும்,Human review 2026 (ta-irv/lexicon.known-misspelling),,No,accepted
PSA,22,13,Confirmed typo,Spelling,High,High,கர்ச்சிக்கிற,கெர்ச்சிக்கிற,Human review 2026 (ta-irv/lexicon.known-misspelling),,No,accepted
PSA,30,5,Confirmed typo,Spelling,High,High,ஒர்,ஓர்,Human review 2026 (ta-irv/lexicon.known-misspelling),,No,accepted
PSA,33,21,Confirmed typo,Spelling,High,High,சந்தோசமாக,சந்தோஷமாக,Human review 2026 (ta-irv/lexicon.known-misspelling),,No,accepted
PSA,37,14,Confirmed typo,Spelling,High,High,விழசெய்யவும்,விழச்செய்யவும்,Human review 2026 (ta-irv/lexicon.known-misspelling),,No,accepted
PSA,39,2,Confirmed typo,Spelling,High,High,மவுனமாகி,மவுனமாக,Human review 2026 (ta-irv/lexicon.known-misspelling),,No,accepted
PSA,40,17,Confirmed typo,Spelling,High,High,ஏழ்மையும்,ஏழையும்,Human review 2026 (ta-irv/lexicon.known-misspelling),,No,accepted
PSA,47,3,Confirmed typo,Spelling,High,High,கீழ்படுத்தி,கீழ்ப்படுத்தி,Human review 2026 (ta-irv/lexicon.known-misspelling),,No,accepted
PSA,51,16,Confirmed typo,Spelling,High,High,விரும்புகிறதில்லை,விரும்புவதில்லை,Human review 2026 (ta-irv/lexicon.known-misspelling),,No,accepted
PSA,52,3,Confirmed typo,Spelling,High,High,யாதார்த்தம்,யதார்த்தம்,Human review 2026 (ta-irv/lexicon.known-misspelling),,No,accepted
PSA,57,8,Confirmed typo,Spelling,High,High,இதயமே,இருதயமே,Human review 2026 (ta-irv/lexicon.known-misspelling),,No,accepted
PSA,76,4,Confirmed typo,Spelling,High,High,மலைளை,மலைகளை,Human review 2026 (ta-irv/lexicon.known-misspelling),,No,accepted
PSA,77,16,Confirmed typo,Spelling,High,High,கலங்கினது,கலங்கின,Human review 2026 (ta-irv/lexicon.known-misspelling),,No,accepted
PSA,78,2,Confirmed typo,Spelling,High,High,மறைபொருள்களை,மறைபொருட்களை,Human review 2026 (ta-irv/lexicon.known-misspelling),,No,accepted
PSA,85,10,Confirmed typo,Spelling,High,High,முத்தஞ்,முத்தம்,Human review 2026 (ta-irv/lexicon.known-misspelling),,No,accepted
PSA,89,51,Confirmed typo,Spelling,High,High,வலுமையான,வலிமையான,Human review 2026 (ta-irv/lexicon.known-misspelling),,No,accepted
PSA,90,10,Confirmed typo,Spelling,High,High,சீக்கரமாகக்,சீக்கிரமாகக்,Human review 2026 (ta-irv/lexicon.known-misspelling),,No,accepted
PSA,102,14,Confirmed typo,Spelling,High,High,கல்லுகள்,கற்கள்,Human review 2026 (ta-irv/lexicon.known-misspelling),,No,accepted
PSA,102,20,Confirmed typo,Spelling,High,High,கண்ணோக்கமானார்,கண்ணோக்கினார்,Human review 2026 (ta-irv/lexicon.known-misspelling),,No,accepted
PSA,106,26,Confirmed typo,Spelling,High,High,வனாந்தரத்திலே,வனாந்திரத்திலே,Human review 2026 (ta-irv/lexicon.known-misspelling),,No,accepted
PSA,106,30,Confirmed typo,Spelling,High,High,நியாயஞ்,நியாயம்,Human review 2026 (ta-irv/lexicon.known-misspelling),,No,accepted
PSA,109,28,Confirmed typo,Spelling,High,High,மகிழ்சியாக,மகிழ்ச்சியாக,Human review 2026 (ta-irv/lexicon.known-misspelling),,No,accepted
PSA,113,5,Confirmed typo,Spelling,High,High,சமமானமானவர்,சமமானவர்,Human review 2026 (ta-irv/lexicon.known-misspelling),,No,accepted
PSA,118,15,Confirmed typo,Spelling,High,High,பராக்கிரமஞ்,பராக்கிரமம்,Human review 2026 (ta-irv/lexicon.known-misspelling),,No,accepted
PSA,119,38,Confirmed typo,Spelling,High,High,பயப்படுகிறதற்கு,பயப்படுவதற்கு,Human review 2026 (ta-irv/lexicon.known-misspelling),,No,accepted
PSA,119,41,Confirmed typo,Spelling,High,High,வாக்குத்தத்ததின்படி,வாக்குத்தத்தத்தின்படி,Human review 2026 (ta-irv/lexicon.known-misspelling),,No,accepted
PSA,132,14,Confirmed typo,Spelling,High,High,விரும்பினதால்,விரும்பியதால்,Human review 2026 (ta-irv/lexicon.known-misspelling),,No,accepted
PSA,144,9,Confirmed typo,Spelling,High,High,தம்புரினாலும்,தம்புருவினாலும்,Human review 2026 (ta-irv/lexicon.known-misspelling),,No,accepted
PSA,148,3,Confirmed typo,Spelling,High,High,சந்திரரே,சந்திரனே,Human review 2026 (ta-irv/lexicon.known-misspelling),,No,accepted
GEN,24,48,Confirmed typo,Spelling,High,High,யெகோவவ,யெகோவாவ,Human review 2026 (ta-irv/typo.divine-name.vowel-drop),,No,accepted
