Reference	ID	Tags	OrigWords	Occurrence	TWLink
1:1	apb9	keyterm	דְּבַר־יְהוָ֣ה	1	rc://*/tw/dict/bible/kt/wordofgod
1:1	nend	name	מִיכָה֙	1	rc://*/tw/dict/bible/names/micah
1:1	kvx8	name	יוֹתָ֛ם	1	rc://*/tw/dict/bible/names/jotham
1:1	u6tl	name	אָחָ֥ז	1	rc://*/tw/dict/bible/names/ahaz
1:1	nsps	name	יְחִזְקִיָּ֖ה	1	rc://*/tw/dict/bible/names/hezekiah
1:1	jf9d		מַלְכֵ֣י	1	rc://*/tw/dict/bible/other/king
1:1	p8rf	name	יְהוּדָ֑ה	1	rc://*/tw/dict/bible/names/kingdomofjudah
1:1	w2u3	name	שֹׁמְר֖וֹן	1	rc://*/tw/dict/bible/names/samaria
1:1	c3cd	name	וִ⁠ירֽוּשָׁלִָֽם	1	rc://*/tw/dict/bible/names/jerusalem
1:2	v79h		אֶ֣רֶץ	1	rc://*/tw/dict/bible/other/earth
1:2	m3zn	keyterm	אֲדֹנָ֨⁠י יְהוִ֤ה	1	rc://*/tw/dict/bible/kt/lordyahweh
1:2	f9xu	keyterm	לְ⁠עֵ֔ד	1	rc://*/tw/dict/bible/kt/testimony
1:2	wm8w		אֲדֹנָ֖⁠י	1	rc://*/tw/dict/bible/kt/lord
1:2	i6qg		מֵ⁠הֵיכַ֥ל	1	rc://*/tw/dict/bible/other/palace
1:2	up55	keyterm	קָדְשֽׁ⁠וֹ	1	rc://*/tw/dict/bible/kt/holy
1:3	e8u3	keyterm	יְהוָ֖ה	1	rc://*/tw/dict/bible/kt/yahweh
1:3	hdud		אָֽרֶץ	1	rc://*/tw/dict/bible/other/earth
1:5	h4eu	keyterm	בְּ⁠פֶ֤שַׁע	1	rc://*/tw/dict/bible/kt/transgression
1:5	x6w4	name	יַֽעֲקֹב֙	1	rc://*/tw/dict/bible/names/jacob
1:5	h8p7	keyterm	וּ⁠בְ⁠חַטֹּ֖אות	1	rc://*/tw/dict/bible/kt/sin
1:5	w9na		בֵּ֣ית יִשְׂרָאֵ֑ל	1	rc://*/tw/dict/bible/other/house-descendants_nation
1:5	an7p	name	שֹֽׁמְר֔וֹן	1	rc://*/tw/dict/bible/names/samaria
1:5	dmmc	name	יְהוּדָ֔ה	1	rc://*/tw/dict/bible/names/judea
1:5	ncum	name	יְרוּשָׁלִָֽם	1	rc://*/tw/dict/bible/names/jerusalem
1:6	tpht	name	שֹׁמְר֛וֹן	1	rc://*/tw/dict/bible/names/samaria
1:6	etan		לְ⁠עִ֥י	1	rc://*/tw/dict/bible/other/ruin
1:6	dmg2		לְ⁠מַטָּ֣עֵי	1	rc://*/tw/dict/bible/other/sow
1:6	uksu		כָ֑רֶם	1	rc://*/tw/dict/bible/other/vineyard
1:6	fcnu		וִ⁠יסֹדֶ֖י⁠הָ	1	rc://*/tw/dict/bible/other/foundation
1:7	vfe9	keyterm	פְּסִילֶ֣י⁠הָ	1	rc://*/tw/dict/bible/other/image
1:7	sx4b	keyterm	עֲצַבֶּ֖י⁠הָ	1	rc://*/tw/dict/bible/kt/falsegod
1:7	n2hw		שְׁמָמָ֑ה	1	rc://*/tw/dict/bible/other/desolate
1:7	zxsr		זוֹנָה֙	1	rc://*/tw/dict/bible/other/prostitute
1:8	hwwu	keyterm	אֶסְפְּדָ֣ה	1	rc://*/tw/dict/bible/kt/lament
1:8	etc9	keyterm	מִסְפֵּד֙	1	rc://*/tw/dict/bible/kt/lament
1:8	w8a5		וְ⁠אֵ֖בֶל	1	rc://*/tw/dict/bible/other/mourn
1:9	gnbs	name	יְהוּדָ֔ה	1	rc://*/tw/dict/bible/names/judea
1:9	au26		שַׁ֥עַר	1	rc://*/tw/dict/bible/other/gate
1:9	gznd	name	יְרוּשָׁלִָֽם	1	rc://*/tw/dict/bible/names/jerusalem
1:10	bvfr	name	בְּ⁠גַת֙	1	rc://*/tw/dict/bible/names/gath
1:10	wxzc		תַּגִּ֔ידוּ	1	rc://*/tw/dict/bible/other/declare
1:10	gksx		בָּכ֖וֹ	1	rc://*/tw/dict/bible/other/mourn
1:11	na4h		בֹ֑שֶׁת	1	rc://*/tw/dict/bible/other/shame
1:11	qpd9		מִסְפַּד֙	1	rc://*/tw/dict/bible/other/mourn
1:12	vuq9	keyterm	לְ⁠ט֖וֹב	1	rc://*/tw/dict/bible/kt/good
1:12	zc7m	keyterm	רָע֙	1	rc://*/tw/dict/bible/kt/evil
1:12	bv7z	keyterm	יְהוָ֔ה	1	rc://*/tw/dict/bible/kt/yahweh
1:12	ey35		לְ⁠שַׁ֖עַר	1	rc://*/tw/dict/bible/other/gate
1:12	qshq	name	יְרוּשָׁלִָֽם	1	rc://*/tw/dict/bible/names/jerusalem
1:13	rhqq		הַ⁠מֶּרְכָּבָ֛ה	1	rc://*/tw/dict/bible/other/chariot
1:13	fi26		לָ⁠רֶ֖כֶשׁ	1	rc://*/tw/dict/bible/other/horse
1:13	zy2x	keyterm	חַטָּ֥את	1	rc://*/tw/dict/bible/kt/sin
1:13	jmpm	keyterm	צִיּ֔וֹן	1	rc://*/tw/dict/bible/kt/zion
1:13	ukv3	keyterm	פִּשְׁעֵ֥י	1	rc://*/tw/dict/bible/kt/transgression
1:13	zdw6	keyterm	יִשְׂרָאֵֽל	1	rc://*/tw/dict/bible/kt/israel
1:14	tgdz		בָּתֵּ֤י	1	rc://*/tw/dict/bible/other/house
1:14	ze2z		לְ⁠אַכְזָ֔ב	1	rc://*/tw/dict/bible/other/deceive
1:14	ech8		לְ⁠מַלְכֵ֖י	1	rc://*/tw/dict/bible/other/king
1:14	cbuv	keyterm	יִשְׂרָאֵֽל	1	rc://*/tw/dict/bible/kt/israel
1:15	huwb	keyterm	כְּב֥וֹד	1	rc://*/tw/dict/bible/kt/glory
1:15	rxtb	keyterm	יִשְׂרָאֵֽל	1	rc://*/tw/dict/bible/kt/israel
1:16	fftv		תַּעֲנוּגָ֑יִ⁠ךְ	1	rc://*/tw/dict/bible/other/delight
1:16	mzct		כַּ⁠נֶּ֔שֶׁר	1	rc://*/tw/dict/bible/other/eagle
1:16	k2cs		גָל֖וּ	1	rc://*/tw/dict/bible/other/exile
2:1	bf4y	keyterm	ה֧וֹי	1	rc://*/tw/dict/bible/kt/woe
2:1	jam4	keyterm	אָ֛וֶן	1	rc://*/tw/dict/bible/kt/iniquity
2:1	n95e	keyterm	רָ֖ע	1	rc://*/tw/dict/bible/kt/evil
2:2	n7n9		וְ⁠חָמְד֤וּ	1	rc://*/tw/dict/bible/other/envy
2:2	gzta		וְ⁠גָזָ֔לוּ	1	rc://*/tw/dict/bible/other/seize
2:2	ztx8		וּ⁠בָתִּ֖ים	1	rc://*/tw/dict/bible/other/house
2:2	bvgq	keyterm	וְ⁠נַחֲלָתֽ⁠וֹ	1	rc://*/tw/dict/bible/kt/inherit
2:3	fr5z	keyterm	יְהוָ֔ה	1	rc://*/tw/dict/bible/kt/yahweh
2:3	syaf	keyterm	רָעָ֑ה	1	rc://*/tw/dict/bible/kt/evil
2:3	hchc	keyterm	רָעָ֖ה	1	rc://*/tw/dict/bible/kt/evil
2:4	cz98		מָשָׁ֗ל	1	rc://*/tw/dict/bible/other/proverb
2:4	jee7	keyterm	וְ⁠נָהָ֨ה	1	rc://*/tw/dict/bible/kt/lament
2:4	waq4		שָׁד֣וֹד	1	rc://*/tw/dict/bible/other/destroyer
2:5	pyqc	name	בְּ⁠גוֹרָ֑ל	1	rc://*/tw/dict/bible/names/lot
2:5	v6b5		בִּ⁠קְהַ֖ל	1	rc://*/tw/dict/bible/other/assembly
2:5	kcya	keyterm	יְהוָֽה	1	rc://*/tw/dict/bible/kt/yahweh
2:6	ksdz		כְּלִמּֽוֹת	1	rc://*/tw/dict/bible/other/shame
2:7	h3vn		בֵּֽית	1	rc://*/tw/dict/bible/other/house-descendants_nation
2:7	nvth	name	יַעֲקֹ֗ב	1	rc://*/tw/dict/bible/names/jacob
2:7	ha3x	keyterm	ר֣וּחַ	1	rc://*/tw/dict/bible/kt/holyspirit
2:7	vgqf	keyterm	יְהוָ֔ה	1	rc://*/tw/dict/bible/kt/yahweh
2:7	x6yf	keyterm	יֵיטִ֔יבוּ	1	rc://*/tw/dict/bible/kt/good
2:8	ka6q		לְ⁠אוֹיֵ֣ב	1	rc://*/tw/dict/bible/other/adversary
2:8	unj5		אֶ֖דֶר	1	rc://*/tw/dict/bible/other/splendor
2:9	f494		מִ⁠בֵּ֖ית	1	rc://*/tw/dict/bible/other/household
2:9	wa9w		תַּֽעֲנֻגֶ֑י⁠הָ	1	rc://*/tw/dict/bible/other/delight
2:9	x8f6		הֲדָרִ֖⁠י	1	rc://*/tw/dict/bible/other/splendor
2:9	b9vp	keyterm	לְ⁠עוֹלָֽם	1	rc://*/tw/dict/bible/kt/eternity
2:10	x7y9		תְּחַבֵּ֖ל	1	rc://*/tw/dict/bible/other/destroyer
2:10	yxy9		וְ⁠חֶ֥בֶל	1	rc://*/tw/dict/bible/other/destroyer
2:11	wfed	keyterm	ר֨וּחַ֙	1	rc://*/tw/dict/bible/kt/spirit
2:11	hpwv		כִּזֵּ֔ב	1	rc://*/tw/dict/bible/other/deceive
2:11	md75		לַ⁠יַּ֖יִן	1	rc://*/tw/dict/bible/other/wine
2:12	u93r		אָסֹ֨ף	1	rc://*/tw/dict/bible/other/assembly
2:12	sdad	name	יַעֲקֹ֣ב	1	rc://*/tw/dict/bible/names/jacob
2:12	tu4p		קַבֵּ֤ץ	1	rc://*/tw/dict/bible/other/assembly
2:12	mjt5	keyterm	שְׁאֵרִ֣ית	1	rc://*/tw/dict/bible/kt/remnant
2:12	fyj4	keyterm	יִשְׂרָאֵ֔ל	1	rc://*/tw/dict/bible/kt/israel
2:12	sikz		כְּ⁠צֹ֣אן	1	rc://*/tw/dict/bible/other/sheep
2:12	ixng		כְּ⁠עֵ֨דֶר֙	1	rc://*/tw/dict/bible/other/flock
2:13	pexr		שַׁ֖עַר	1	rc://*/tw/dict/bible/other/gate
2:13	xt4k		מַלְכָּ⁠ם֙	1	rc://*/tw/dict/bible/other/king
2:13	kgpn	keyterm	וַ⁠יהוָ֖ה	1	rc://*/tw/dict/bible/kt/yahweh
3:1	u4ir		נָא֙	1	rc://*/tw/dict/bible/other/plead
3:1	puha	name	יַעֲקֹ֔ב	1	rc://*/tw/dict/bible/names/jacob
3:1	zyni		וּ⁠קְצִינֵ֖י	1	rc://*/tw/dict/bible/other/commander
3:1	ya43		בֵּ֣ית יִשְׂרָאֵ֑ל	1	rc://*/tw/dict/bible/other/house-descendants_nation
3:1	jnhf		לָ⁠דַ֖עַת	1	rc://*/tw/dict/bible/other/know
3:1	wa7a	keyterm	אֶת־הַ⁠מִּשְׁפָּֽט	1	rc://*/tw/dict/bible/kt/justice
3:2	djk6	keyterm	ט֖וֹב	1	rc://*/tw/dict/bible/kt/good
3:2	md88	keyterm	וְ⁠אֹ֣הֲבֵי	1	rc://*/tw/dict/bible/kt/love
3:2	d37s	keyterm	רעה	1	rc://*/tw/dict/bible/kt/evil
3:4	f9fj		יִזְעֲק֣וּ	1	rc://*/tw/dict/bible/other/cry
3:4	uk7y	keyterm	יְהוָ֔ה	1	rc://*/tw/dict/bible/kt/yahweh
3:5	d5ev	keyterm	יְהוָ֔ה	1	rc://*/tw/dict/bible/kt/yahweh
3:5	mp5q	keyterm	הַ⁠נְּבִיאִ֖ים	1	rc://*/tw/dict/bible/kt/prophet
3:5	mxf5		שָׁל֔וֹם	1	rc://*/tw/dict/bible/other/peace
3:5	jw79	keyterm	וְ⁠קִדְּשׁ֥וּ	1	rc://*/tw/dict/bible/kt/consecrate
3:6	nc2i		מֵֽ⁠חָז֔וֹן	1	rc://*/tw/dict/bible/other/vision
3:6	djmm	keyterm	מִ⁠קְּסֹ֑ם	1	rc://*/tw/dict/bible/other/divination
3:6	sd2z	keyterm	הַ⁠נְּבִיאִ֔ים	1	rc://*/tw/dict/bible/kt/prophet
3:7	mddy	keyterm	הַ⁠חֹזִ֗ים	1	rc://*/tw/dict/bible/kt/prophet
3:7	sc7t		וּ⁠בֹ֣שׁוּ	1	rc://*/tw/dict/bible/other/shame
3:7	psuy		הַ⁠קֹּ֣סְמִ֔ים	1	rc://*/tw/dict/bible/other/divination
3:7	zadq		וְ⁠חָֽפְרוּ֙	1	rc://*/tw/dict/bible/other/shame
3:7	x7cy	keyterm	אֱלֹהִֽים	1	rc://*/tw/dict/bible/kt/god
3:8	aeq7	keyterm	אֶת־ר֣וּחַ	1	rc://*/tw/dict/bible/kt/holyspirit
3:8	hq3u	keyterm	יְהוָ֔ה	1	rc://*/tw/dict/bible/kt/yahweh
3:8	sybb	keyterm	וּ⁠מִשְׁפָּ֖ט	1	rc://*/tw/dict/bible/kt/justice
3:8	rfv6		וּ⁠גְבוּרָ֑ה	1	rc://*/tw/dict/bible/other/mighty
3:8	r63n		לְ⁠הַגִּ֤יד	1	rc://*/tw/dict/bible/other/declare
3:8	hb72	name	לְ⁠יַֽעֲקֹב֙	1	rc://*/tw/dict/bible/names/jacob
3:8	csjt	keyterm	פִּשְׁע֔⁠וֹ	1	rc://*/tw/dict/bible/kt/transgression
3:8	hyes	keyterm	וּ⁠לְ⁠יִשְׂרָאֵ֖ל	1	rc://*/tw/dict/bible/kt/israel
3:8	gtze	keyterm	חַטָּאתֽ⁠וֹ	1	rc://*/tw/dict/bible/kt/sin
3:9	ze2f		QUOTE_NOT_FOUND: נָ֣א	1	rc://*/tw/dict/bible/other/plead
3:9	zx4t		בֵּ֣ית	1	rc://*/tw/dict/bible/other/house-descendants_nation
3:9	dyc7	name	יַעֲקֹ֔ב	1	rc://*/tw/dict/bible/names/jacob
3:9	wmmp		וּ⁠קְצִינֵ֖י	1	rc://*/tw/dict/bible/other/commander
3:9	jwzr		בֵּ֣ית	2	rc://*/tw/dict/bible/other/house-descendants_nation
3:9	z3hu		יִשְׂרָאֵ֑ל	1	rc://*/tw/dict/bible/kt/israel
3:9	hyga	keyterm	מִשְׁפָּ֔ט	1	rc://*/tw/dict/bible/kt/judge
3:10	hk5a	keyterm	צִיּ֖וֹן	1	rc://*/tw/dict/bible/kt/zion
3:10	mpha		בְּ⁠דָמִ֑ים	1	rc://*/tw/dict/bible/other/bloodshed
3:10	t63p	name	וִ⁠ירוּשָׁלִַ֖ם	1	rc://*/tw/dict/bible/names/jerusalem
3:10	q6ct	keyterm	בְּ⁠עַוְלָֽה	1	rc://*/tw/dict/bible/kt/justice
3:11	ckgd	keyterm	יִשְׁפֹּ֗טוּ	1	rc://*/tw/dict/bible/kt/judge
3:11	axf3		בְּ⁠שֹׁ֣חַד	1	rc://*/tw/dict/bible/other/bribe
3:11	gzh5	keyterm	וְ⁠כֹהֲנֶ֨י⁠הָ֙	1	rc://*/tw/dict/bible/kt/priest
3:11	tpg7	keyterm	וּ⁠נְבִיאֶ֖י⁠הָ	1	rc://*/tw/dict/bible/kt/prophet
3:11	a6je	keyterm	יִקְסֹ֑מוּ	1	rc://*/tw/dict/bible/other/divination
3:11	rw5h		בְּ⁠כֶ֣סֶף	1	rc://*/tw/dict/bible/other/silver
3:11	b2uu	keyterm	יְהוָה֙	1	rc://*/tw/dict/bible/kt/yahweh
3:11	rzdr	keyterm	רָעָֽה	1	rc://*/tw/dict/bible/kt/evil
3:12	szue	keyterm	צִיּ֖וֹן	1	rc://*/tw/dict/bible/kt/zion
3:12	zijx		תֵֽחָרֵ֑שׁ	1	rc://*/tw/dict/bible/other/plow
3:12	c7v2	name	וִ⁠ירוּשָׁלִַ֨ם֙	1	rc://*/tw/dict/bible/names/jerusalem
3:12	twkj		הַ⁠בַּ֖יִת	1	rc://*/tw/dict/bible/kt/temple
4:1	wszh	keyterm	בֵּית־יְהוָ֤ה	1	rc://*/tw/dict/bible/kt/houseofgod
4:1	d4r6		נָכוֹן֙	1	rc://*/tw/dict/bible/other/dedicate
4:2	tn7j		גּוֹיִ֣ם	1	rc://*/tw/dict/bible/other/nation
4:2	t2nm	keyterm	יְהוָ֗ה	1	rc://*/tw/dict/bible/kt/yahweh
4:2	nasy		בֵּית֙ אֱלֹהֵ֣י	1	rc://*/tw/dict/bible/kt/houseofgod
4:2	q6m9	name	יַעֲקֹ֔ב	1	rc://*/tw/dict/bible/names/jacob
4:2	nj9g	keyterm	מִ⁠צִּיּוֹן֙	1	rc://*/tw/dict/bible/kt/zion
4:2	hqd4	keyterm	תוֹרָ֔ה	1	rc://*/tw/dict/bible/kt/lawofmoses
4:2	e7ev	keyterm	וּ⁠דְבַר־יְהוָ֖ה	1	rc://*/tw/dict/bible/kt/wordofgod
4:2	v82t	name	מִ⁠ירוּשָׁלִָֽם	1	rc://*/tw/dict/bible/names/jerusalem
4:3	v48h	keyterm	וְ⁠שָׁפַ֗ט	1	rc://*/tw/dict/bible/kt/judge
4:3	tdn2		לְ⁠גוֹיִ֥ם	1	rc://*/tw/dict/bible/other/nation
4:3	p7t7		חַרְבֹתֵי⁠הֶ֜ם	1	rc://*/tw/dict/bible/other/sword
4:3	rezq		לְ⁠אִתִּ֗ים	1	rc://*/tw/dict/bible/other/plow
4:3	g5i4		וַ⁠חֲנִיתֹֽתֵי⁠הֶם֙	1	rc://*/tw/dict/bible/other/spear
4:4	w8kg		גַּפְנ֛⁠וֹ	1	rc://*/tw/dict/bible/other/vine
4:4	w5mx		תְּאֵנָת֖⁠וֹ	1	rc://*/tw/dict/bible/other/fig
4:4	j6ke		מַחֲרִ֑יד	1	rc://*/tw/dict/bible/other/terror
4:4	pwn7	keyterm	יְהוָ֥ה צְבָא֖וֹת	1	rc://*/tw/dict/bible/kt/yahwehofhosts
4:5	yuje	keyterm	אֱלֹהָ֑י⁠ו	1	rc://*/tw/dict/bible/kt/falsegod
4:5	jnaz	keyterm	יְהוָ֥ה	1	rc://*/tw/dict/bible/kt/yahweh
4:5	xb4p	keyterm	אֱלֹהֵ֖י⁠נוּ	1	rc://*/tw/dict/bible/kt/god
4:5	r4fx	keyterm	לְ⁠עוֹלָ֥ם	1	rc://*/tw/dict/bible/kt/eternity
4:6	ymz8		נְאֻם	1	rc://*/tw/dict/bible/other/declare
4:6	rey7	keyterm	יְהוָ֗ה	1	rc://*/tw/dict/bible/kt/yahweh
4:6	m63a		אֹֽסְפָה֙	1	rc://*/tw/dict/bible/other/assembly
4:6	f58w		אֲקַבֵּ֑צָה	1	rc://*/tw/dict/bible/other/assembly
4:6	erax		הֲרֵעֹֽתִי	1	rc://*/tw/dict/bible/other/afflict
4:7	ppyc	keyterm	לִ⁠שְׁאֵרִ֔ית	1	rc://*/tw/dict/bible/kt/remnant
4:7	gc6g		לְ⁠ג֣וֹי	1	rc://*/tw/dict/bible/other/nation
4:7	xhmt	keyterm	יְהוָ֤ה	1	rc://*/tw/dict/bible/kt/yahweh
4:7	zm2v		וּ⁠מָלַ֨ךְ	1	rc://*/tw/dict/bible/other/reign
4:7	pbby	keyterm	בְּ⁠הַ֣ר צִיּ֔וֹן	1	rc://*/tw/dict/bible/kt/zion
4:7	cteu	keyterm	עוֹלָֽם	1	rc://*/tw/dict/bible/kt/eternity
4:8	b73x		מִגְדַּל	1	rc://*/tw/dict/bible/other/watchtower
4:8	stfs		עֵ֗דֶר	1	rc://*/tw/dict/bible/other/flock
4:8	zbw3	keyterm	צִיּ֖וֹן	1	rc://*/tw/dict/bible/kt/zion
4:8	agkf	keyterm	הַ⁠מֶּמְשָׁלָה֙	1	rc://*/tw/dict/bible/kt/dominion
4:8	mw7m		מַמְלֶ֖כֶת	1	rc://*/tw/dict/bible/other/kingdom
4:8	ppph	name	יְרוּשָׁלִָֽם	1	rc://*/tw/dict/bible/names/jerusalem
4:9	emkr		הֲ⁠מֶ֣לֶךְ	1	rc://*/tw/dict/bible/other/king
4:9	an3x		יוֹעֲצֵ⁠ךְ֙	1	rc://*/tw/dict/bible/other/counselor
4:9	c67w	keyterm	אָבָ֔ד	1	rc://*/tw/dict/bible/kt/perish
4:10	qkjq	keyterm	צִיּ֖וֹן	1	rc://*/tw/dict/bible/kt/zion
4:10	tz8x	name	בָּבֶל֙	1	rc://*/tw/dict/bible/names/babylon
4:10	fq29	keyterm	תִּנָּצֵ֔לִי	1	rc://*/tw/dict/bible/kt/save
4:10	aumw	keyterm	יְהוָ֔ה	1	rc://*/tw/dict/bible/kt/yahweh
4:10	h3qk	keyterm	יִגְאָלֵ֣⁠ךְ	1	rc://*/tw/dict/bible/kt/redeem
4:10	x8w3		אֹיְבָֽיִ⁠ךְ	1	rc://*/tw/dict/bible/other/adversary
4:11	gh2z		גּוֹיִ֣ם	1	rc://*/tw/dict/bible/other/nation
4:11	gd9c		נֶאֶסְפ֥וּ	1	rc://*/tw/dict/bible/other/assembly
4:11	zwg4		תֶּחֱנָ֔ף	1	rc://*/tw/dict/bible/other/defile
4:11	bwpu	keyterm	בְּ⁠צִיּ֖וֹן	1	rc://*/tw/dict/bible/kt/zion
4:12	a63x		יָֽדְעוּ֙	1	rc://*/tw/dict/bible/other/know
4:12	eb4e	keyterm	יְהוָ֔ה	1	rc://*/tw/dict/bible/kt/yahweh
4:12	aj8f		הֵבִ֖ינוּ	1	rc://*/tw/dict/bible/other/understand
4:12	fne9		קִבְּצָ֖⁠ם	1	rc://*/tw/dict/bible/other/assembly
4:12	iues		כֶּ⁠עָמִ֥יר	1	rc://*/tw/dict/bible/other/grain
4:12	nf68		גֹּֽרְנָ⁠ה	1	rc://*/tw/dict/bible/other/thresh
4:13	szpy		וָ⁠ד֣וֹשִׁי	1	rc://*/tw/dict/bible/other/thresh
4:13	futt	keyterm	צִיּ֗וֹן	1	rc://*/tw/dict/bible/kt/zion
4:13	syu2		קַרְנֵ֞⁠ךְ	1	rc://*/tw/dict/bible/other/horn
4:13	d398		בַּרְזֶל֙	1	rc://*/tw/dict/bible/other/iron
4:13	hbgb		נְחוּשָׁ֔ה	1	rc://*/tw/dict/bible/other/bronze
4:13	ab9t	keyterm	לַֽ⁠יהוָה֙	1	rc://*/tw/dict/bible/kt/yahweh
4:13	grx7		בִּצְעָ֔⁠ם	1	rc://*/tw/dict/bible/other/plunder
4:13	rvj2	keyterm	לַ⁠אֲד֥וֹן	1	rc://*/tw/dict/bible/kt/lord
4:13	n8y5		הָ⁠אָֽרֶץ	1	rc://*/tw/dict/bible/other/earth
5:1	ir83		מָצ֖וֹר	1	rc://*/tw/dict/bible/other/siege
5:1	vjgr		בַּ⁠שֵּׁ֨בֶט֙	1	rc://*/tw/dict/bible/other/rod
5:1	rtk3		אֵ֖ת שֹׁפֵ֥ט	1	rc://*/tw/dict/bible/other/judgeposition
5:1	du59	keyterm	יִשְׂרָאֵֽל	1	rc://*/tw/dict/bible/kt/israel
5:2	qz4m	name	בֵּֽית־לֶ֣חֶם	1	rc://*/tw/dict/bible/names/bethlehem
5:2	iadg		בְּ⁠אַלְפֵ֣י	1	rc://*/tw/dict/bible/other/clan
5:2	ns4v	name	יְהוּדָ֔ה	1	rc://*/tw/dict/bible/names/judea
5:2	k84g	keyterm	מוֹשֵׁ֖ל	1	rc://*/tw/dict/bible/other/ruler
5:2	drjs	keyterm	בְּ⁠יִשְׂרָאֵ֑ל	1	rc://*/tw/dict/bible/kt/israel
5:2	ta28	keyterm	עוֹלָֽם	1	rc://*/tw/dict/bible/kt/eternity
5:3	qywi		יוֹלֵדָ֖ה	1	rc://*/tw/dict/bible/other/bear
5:3	frh5	keyterm	יִשְׂרָאֵֽל	1	rc://*/tw/dict/bible/kt/israel
5:4	baes		וְ⁠רָעָה֙	1	rc://*/tw/dict/bible/other/shepherd
5:4	jx4z	keyterm	יְהוָ֔ה	1	rc://*/tw/dict/bible/kt/yahweh
5:4	qaxr	keyterm	בִּ⁠גְא֕וֹן	1	rc://*/tw/dict/bible/kt/majesty
5:4	nm2w	keyterm	יְהוָ֣ה	1	rc://*/tw/dict/bible/kt/yahweh
5:4	x39c	keyterm	אֱלֹהָ֑י⁠ו	1	rc://*/tw/dict/bible/kt/god
5:4	upab		אָֽרֶץ	1	rc://*/tw/dict/bible/other/earth
5:5	yv2v		שָׁל֑וֹם	1	rc://*/tw/dict/bible/other/peace
5:5	sun9	name	אַשּׁ֣וּר	1	rc://*/tw/dict/bible/names/assyria
5:5	t4eb		בְ⁠אַרְצֵ֗⁠נוּ	1	rc://*/tw/dict/bible/other/earth
5:5	mwi3		בְּ⁠אַרְמְנֹתֵ֔י⁠נוּ	1	rc://*/tw/dict/bible/other/stronghold
5:5	gzfa		רֹעִ֔ים	1	rc://*/tw/dict/bible/other/shepherd
5:5	auvw		נְסִיכֵ֥י	1	rc://*/tw/dict/bible/other/prince
5:6	fndh		וְ⁠רָע֞וּ	1	rc://*/tw/dict/bible/other/shepherd
5:6	bgra		אֶת־אֶ֤רֶץ	1	rc://*/tw/dict/bible/other/earth
5:6	qjd2	name	אַשּׁוּר֙	1	rc://*/tw/dict/bible/names/assyria
5:6	n5uz		בַּ⁠חֶ֔רֶב	1	rc://*/tw/dict/bible/other/sword
5:6	zjny		וְ⁠הִצִּיל֙	1	rc://*/tw/dict/bible/other/deliverer
5:7	k7gf	keyterm	שְׁאֵרִ֣ית	1	rc://*/tw/dict/bible/kt/remnant
5:7	q8nr	name	יַעֲקֹ֗ב	1	rc://*/tw/dict/bible/names/jacob
5:7	t2p5	keyterm	מֵ⁠אֵ֣ת יְהוָ֔ה	1	rc://*/tw/dict/bible/kt/yahweh
5:7	jfrh	keyterm	וְ⁠לֹ֥א יְיַחֵ֖ל	1	rc://*/tw/dict/bible/kt/hope
5:8	pstd	keyterm	שְׁאֵרִ֨ית	1	rc://*/tw/dict/bible/kt/remnant
5:8	j587	name	יַעֲקֹ֜ב	1	rc://*/tw/dict/bible/names/jacob
5:8	tf8s		בַּ⁠גּוֹיִ֗ם	1	rc://*/tw/dict/bible/other/nation
5:8	tt87		כְּ⁠אַרְיֵה֙	1	rc://*/tw/dict/bible/other/lion
5:8	csf5		בְּ⁠עֶדְרֵי	1	rc://*/tw/dict/bible/other/flock
5:8	rvgf		צֹ֑אן	1	rc://*/tw/dict/bible/other/sheep
5:8	shby		וְ⁠רָמַ֥ס	1	rc://*/tw/dict/bible/other/trample
5:8	hy54		מַצִּֽיל	1	rc://*/tw/dict/bible/other/deliverer
5:9	sspz		צָרֶ֑י⁠ךָ	1	rc://*/tw/dict/bible/other/adversary
5:9	wj5z		אֹיְבֶ֖י⁠ךָ	1	rc://*/tw/dict/bible/other/adversary
5:10	rtbe	keyterm	יְהוָ֔ה	1	rc://*/tw/dict/bible/kt/yahweh
5:10	hhht		סוּסֶ֖י⁠ךָ	1	rc://*/tw/dict/bible/other/horse
5:10	qtdk		וְ⁠הַאֲבַדְתִּ֖י	1	rc://*/tw/dict/bible/other/destroyer
5:10	rzxs		מַרְכְּבֹתֶֽי⁠ךָ	1	rc://*/tw/dict/bible/other/chariot
5:11	kkyb		אַרְצֶ֑⁠ךָ	1	rc://*/tw/dict/bible/other/earth
5:11	ft7j		מִבְצָרֶֽי⁠ךָ	1	rc://*/tw/dict/bible/other/stronghold
5:12	picm		כְשָׁפִ֖ים	1	rc://*/tw/dict/bible/other/sorcery
5:12	at6p		וּֽ⁠מְעוֹנְנִ֖ים	1	rc://*/tw/dict/bible/other/divination
5:13	k6ny	keyterm	פְסִילֶ֛י⁠ךָ	1	rc://*/tw/dict/bible/other/image
5:13	zufe	keyterm	וּ⁠מַצֵּבוֹתֶ֖י⁠ךָ	1	rc://*/tw/dict/bible/other/pillar
5:13	ip3x	keyterm	תִשְׁתַּחֲוֶ֥ה	1	rc://*/tw/dict/bible/kt/worship
5:14	fqp6	name	אֲשֵׁירֶ֖י⁠ךָ	1	rc://*/tw/dict/bible/names/asherim
5:14	c6kr		וְ⁠הִשְׁמַדְתִּ֖י	1	rc://*/tw/dict/bible/other/destroyer
5:15	dj4t	keyterm	וּ⁠בְ⁠חֵמָ֛ה	1	rc://*/tw/dict/bible/kt/wrath
5:15	jzfg		נָקָ֖ם	1	rc://*/tw/dict/bible/other/avenge
5:15	uy8s		אֶת־הַ⁠גּוֹיִ֑ם	1	rc://*/tw/dict/bible/other/nation
6:1	dp44		נָ֕א	1	rc://*/tw/dict/bible/other/plead
6:1	bkjx	keyterm	יְהוָ֖ה	1	rc://*/tw/dict/bible/kt/yahweh
6:2	ywdy	keyterm	יְהוָ֔ה	1	rc://*/tw/dict/bible/kt/yahweh
6:2	q2g8		אָ֑רֶץ	1	rc://*/tw/dict/bible/other/earth
6:2	j34z	keyterm	לַֽ⁠יהוָה֙	1	rc://*/tw/dict/bible/kt/yahweh
6:2	ve8f	keyterm	וְ⁠עִם־יִשְׂרָאֵ֖ל	1	rc://*/tw/dict/bible/kt/israel
6:3	j8ug	keyterm	עֲנֵ֥ה	1	rc://*/tw/dict/bible/kt/testimony
6:4	ecad	name	מִצְרַ֔יִם	1	rc://*/tw/dict/bible/names/egypt
6:4	y82z		עֲבָדִ֖ים	1	rc://*/tw/dict/bible/other/enslave
6:4	v6p5	keyterm	פְּדִיתִ֑י⁠ךָ	1	rc://*/tw/dict/bible/kt/redeem
6:4	xd6k	name	אֶת־מֹשֶׁ֖ה	1	rc://*/tw/dict/bible/names/moses
6:4	usue	name	אַהֲרֹ֥ן	1	rc://*/tw/dict/bible/names/aaron
6:4	m5qn	name	וּ⁠מִרְיָֽם	1	rc://*/tw/dict/bible/names/miriam
6:5	czvq		נָא֙	1	rc://*/tw/dict/bible/other/plead
6:5	rybm		מֶ֣לֶךְ	1	rc://*/tw/dict/bible/other/king
6:5	urzz	name	מוֹאָ֔ב	1	rc://*/tw/dict/bible/names/moab
6:5	s3wy		יָּעַ֗ץ	1	rc://*/tw/dict/bible/other/counselor
6:5	pqq2	name	בִּלְעָ֣ם	1	rc://*/tw/dict/bible/names/balaam
6:5	rift	name	הַ⁠גִּלְגָּ֔ל	1	rc://*/tw/dict/bible/names/gilgal
6:5	c39v		דַּ֖עַת	1	rc://*/tw/dict/bible/other/know
6:5	qieq	keyterm	צִדְק֥וֹת	1	rc://*/tw/dict/bible/kt/righteous
6:5	c89c	keyterm	יְהוָֽה	1	rc://*/tw/dict/bible/kt/yahweh
6:6	nws3	keyterm	יְהוָ֔ה	1	rc://*/tw/dict/bible/kt/yahweh
6:6	ud96	keyterm	אִכַּ֖ף	1	rc://*/tw/dict/bible/kt/worship
6:6	qj2u	keyterm	לֵ⁠אלֹהֵ֣י	1	rc://*/tw/dict/bible/kt/god
6:6	wx5a		בְ⁠עוֹל֔וֹת	1	rc://*/tw/dict/bible/other/sacrifice
6:6	hsjk		בַּ⁠עֲגָלִ֖ים	1	rc://*/tw/dict/bible/other/cow
6:7	ysrn	keyterm	הֲ⁠יִרְצֶ֤ה יְהוָה֙	1	rc://*/tw/dict/bible/kt/yahweh
6:7	t3e5		אֵילִ֔ים	1	rc://*/tw/dict/bible/other/sheep
6:7	u98x		שָׁ֑מֶן	1	rc://*/tw/dict/bible/other/oil
6:7	ger7		בְּכוֹרִ⁠י֙	1	rc://*/tw/dict/bible/other/firstborn
6:7	d3vh	keyterm	פִּשְׁעִ֔⁠י	1	rc://*/tw/dict/bible/kt/transgression
6:7	egtm		פְּרִ֥י	1	rc://*/tw/dict/bible/other/fruit
6:7	eegb	keyterm	חַטַּ֥את	1	rc://*/tw/dict/bible/kt/sin
6:7	cqrs	keyterm	נַפְשִֽׁ⁠י	1	rc://*/tw/dict/bible/kt/soul
6:8	uhfs	keyterm	טּ֑וֹב	1	rc://*/tw/dict/bible/kt/good
6:8	cve9	keyterm	יְהוָ֞ה	1	rc://*/tw/dict/bible/kt/yahweh
6:8	w96s		דּוֹרֵ֣שׁ	1	rc://*/tw/dict/bible/other/seek
6:8	xbze	keyterm	מִשְׁפָּט֙	1	rc://*/tw/dict/bible/kt/justice
6:8	xdq8	keyterm	וְ⁠אַ֣הֲבַת	1	rc://*/tw/dict/bible/kt/love
6:8	ugf8	keyterm	חֶ֔סֶד	1	rc://*/tw/dict/bible/kt/covenantfaith
6:8	bsur	keyterm	וְ⁠הַצְנֵ֥עַ	1	rc://*/tw/dict/bible/kt/humble
6:8	y7e4	keyterm	אֱלֹהֶֽי⁠ךָ	1	rc://*/tw/dict/bible/kt/god
6:9	su7z	keyterm	יְהוָה֙	1	rc://*/tw/dict/bible/kt/yahweh
6:9	mndy	keyterm	יִקְרָ֔א	1	rc://*/tw/dict/bible/kt/call-speakloudly
6:9	mqr2	keyterm	וְ⁠תוּשִׁיָּ֖ה	1	rc://*/tw/dict/bible/kt/wise
6:9	km2k	keyterm	יִרְאֶ֣ה	1	rc://*/tw/dict/bible/kt/fear
6:9	a4ta		מַטֶּ֖ה	1	rc://*/tw/dict/bible/other/tribe
6:9	r9b6	keyterm	יְעָדָֽ⁠הּ	1	rc://*/tw/dict/bible/kt/appoint
6:10	r94p		בֵּ֣ית	1	rc://*/tw/dict/bible/other/house
6:10	ua9y	keyterm	רָשָׁ֔ע	1	rc://*/tw/dict/bible/kt/evil
6:10	wbmg		אֹצְר֖וֹת	1	rc://*/tw/dict/bible/other/storehouse
6:10	pjfb	keyterm	רֶ֑שַׁע	1	rc://*/tw/dict/bible/kt/evil
6:10	h6fj	keyterm	זְעוּמָֽה	1	rc://*/tw/dict/bible/kt/curse
6:11	suys	keyterm	הַ⁠אֶזְכֶּ֖ה	1	rc://*/tw/dict/bible/kt/innocent
6:11	s2wb	keyterm	רֶ֑שַׁע	1	rc://*/tw/dict/bible/kt/evil
6:12	vym9		וּ⁠לְשׁוֹנָ֖⁠ם	1	rc://*/tw/dict/bible/other/tongue
6:13	t4sn		הַשְׁמֵ֖ם	1	rc://*/tw/dict/bible/other/devastated
6:13	njdq	keyterm	חַטֹּאתֶֽ⁠ךָ	1	rc://*/tw/dict/bible/kt/sin
6:14	rrmh	keyterm	תַפְלִ֔יט	1	rc://*/tw/dict/bible/kt/save
6:14	pbw8		לַ⁠חֶ֥רֶב	1	rc://*/tw/dict/bible/other/sword
6:15	hspa		תִזְרַ֖ע	1	rc://*/tw/dict/bible/other/sow
6:15	qaxh		תִקְצ֑וֹר	1	rc://*/tw/dict/bible/other/harvest
6:15	ynst		זַ֨יִת֙	1	rc://*/tw/dict/bible/other/olive
6:15	b4c2	keyterm	תָס֣וּךְ	1	rc://*/tw/dict/bible/kt/anoint
6:15	fm45		שֶׁ֔מֶן	1	rc://*/tw/dict/bible/other/oil
6:15	xcgk		יָּֽיִן	1	rc://*/tw/dict/bible/other/wine
6:16	g93z		חֻקּ֣וֹת	1	rc://*/tw/dict/bible/other/statute
6:16	luj9	name	עָמְרִ֗י	1	rc://*/tw/dict/bible/names/omri
6:16	wdrs		בֵית	1	rc://*/tw/dict/bible/other/house-descendants_nation
6:16	pssa	name	אַחְאָ֔ב	1	rc://*/tw/dict/bible/names/ahab
6:16	d7qp		בְּ⁠מֹֽעֲצוֹתָ֑⁠ם	1	rc://*/tw/dict/bible/other/counselor
6:16	m64p		לְ⁠שַׁמָּ֗ה	1	rc://*/tw/dict/bible/other/desolate
6:16	uzjf		וְ⁠חֶרְפַּ֥ת	1	rc://*/tw/dict/bible/other/shame
6:16	inja		תִּשָּֽׂאוּ	1	rc://*/tw/dict/bible/other/bear-heldresponsiblefor
7:1	u9z4	keyterm	אַ֣לְלַי לִ֗⁠י	1	rc://*/tw/dict/bible/kt/woe
7:1	ammu		כְּ⁠עֹלְלֹ֖ת	1	rc://*/tw/dict/bible/other/glean
7:1	d95m		בָּצִ֑יר	1	rc://*/tw/dict/bible/other/harvest
7:1	mr73		בִּכּוּרָ֖ה	1	rc://*/tw/dict/bible/other/fig
7:1	v34k	keyterm	נַפְשִֽׁ⁠י	1	rc://*/tw/dict/bible/kt/soul
7:2	j4ba	keyterm	חָסִיד֙	1	rc://*/tw/dict/bible/kt/faithful
7:2	hvmv	keyterm	אָבַ֤ד	1	rc://*/tw/dict/bible/kt/perish
7:2	au9y		מִן־הָ⁠אָ֔רֶץ	1	rc://*/tw/dict/bible/other/earth
7:2	yyg9	keyterm	וְ⁠יָשָׁ֥ר	1	rc://*/tw/dict/bible/kt/righteous
7:2	nxm7		לְ⁠דָמִ֣ים	1	rc://*/tw/dict/bible/other/bloodshed
7:3	y2a9	keyterm	הָ⁠רַ֤ע	1	rc://*/tw/dict/bible/kt/evil
7:3	rf7b		הַ⁠שַּׂ֣ר	1	rc://*/tw/dict/bible/other/ruler
7:3	auhu	keyterm	וְ⁠הַ⁠שֹּׁפֵ֖ט	1	rc://*/tw/dict/bible/other/judgeposition
7:3	www4		הַוַּ֥ת	1	rc://*/tw/dict/bible/other/lust
7:3	f27e	keyterm	נַפְשׁ֛⁠וֹ	1	rc://*/tw/dict/bible/kt/soul
7:4	td77	keyterm	יָשָׁ֖ר	1	rc://*/tw/dict/bible/kt/righteous
7:4	tk8v		מִ⁠מְּסוּכָ֑ה	1	rc://*/tw/dict/bible/other/thorn
7:5	b34m	keyterm	תַּאֲמִ֣ינוּ	1	rc://*/tw/dict/bible/kt/trust
7:5	w9b9		בְ⁠רֵ֔עַ	1	rc://*/tw/dict/bible/other/neighbor
7:5	znt2	keyterm	תִּבְטְח֖וּ	1	rc://*/tw/dict/bible/kt/trust
7:5	qsvy		בְּ⁠אַלּ֑וּף	1	rc://*/tw/dict/bible/other/companion
7:5	yzum		שְׁמֹ֖ר	1	rc://*/tw/dict/bible/other/watch
7:6	yziw		מְנַבֵּ֣ל	1	rc://*/tw/dict/bible/other/dishonor
7:6	ex94		אֹיְבֵ֥י	1	rc://*/tw/dict/bible/other/adversary
7:6	hqvz		בֵיתֽ⁠וֹ	1	rc://*/tw/dict/bible/other/household
7:7	phch		אֲצַפֶּ֔ה	1	rc://*/tw/dict/bible/other/watch
7:7	rrv7	keyterm	בַּ⁠יהוָ֣ה	1	rc://*/tw/dict/bible/kt/yahweh
7:7	m34x	keyterm	לֵ⁠אלֹהֵ֣י	1	rc://*/tw/dict/bible/kt/god
7:7	pm3v	keyterm	יִשְׁעִ֑⁠י	1	rc://*/tw/dict/bible/kt/save
7:8	zgua		אֹיַ֨בְתִּ⁠י֙	1	rc://*/tw/dict/bible/other/adversary
7:8	dnkb	keyterm	יְהוָ֖ה	1	rc://*/tw/dict/bible/kt/yahweh
7:9	b5w8	keyterm	יְהוָה֙	1	rc://*/tw/dict/bible/kt/yahweh
7:9	yjq8	keyterm	חָטָ֖אתִי	1	rc://*/tw/dict/bible/kt/sin
7:9	a77m	keyterm	מִשְׁפָּטִ֔⁠י	1	rc://*/tw/dict/bible/kt/judge
7:10	xazd		וְ⁠תֵרֶ֤א אֹיַ֨בְתִּ⁠י֙	1	rc://*/tw/dict/bible/other/adversary
7:10	bs6b		בוּשָׁ֔ה	1	rc://*/tw/dict/bible/other/shame
7:10	bmud	keyterm	יְהוָ֣ה	1	rc://*/tw/dict/bible/kt/yahweh
7:10	xfau	keyterm	אֱלֹהָ֑יִ⁠ךְ	1	rc://*/tw/dict/bible/kt/god
7:10	kswt		לְ⁠מִרְמָ֖ס	1	rc://*/tw/dict/bible/other/trample
7:12	htgz	name	אַשּׁ֖וּר	1	rc://*/tw/dict/bible/names/assyria
7:12	q8t4	name	מָצ֑וֹר	1	rc://*/tw/dict/bible/names/egypt
7:12	fimx	name	נָהָ֔ר	1	rc://*/tw/dict/bible/names/euphrates
7:13	f3c3		וְ⁠הָיְתָ֥ה הָ⁠אָ֛רֶץ	1	rc://*/tw/dict/bible/other/earth
7:13	x2tg		לִ⁠שְׁמָמָ֖ה	1	rc://*/tw/dict/bible/other/desolate
7:13	zg3c		מִ⁠פְּרִ֖י	1	rc://*/tw/dict/bible/other/fruit
7:14	dbhf		רְעֵ֧ה	1	rc://*/tw/dict/bible/other/shepherd
7:14	x5yf		בְ⁠שִׁבְטֶ֗⁠ךָ	1	rc://*/tw/dict/bible/other/rod
7:14	c7z8		צֹ֚אן	1	rc://*/tw/dict/bible/other/flock
7:14	f89e	keyterm	נַֽחֲלָתֶ֔⁠ךָ	1	rc://*/tw/dict/bible/kt/inherit
7:14	wjej	name	כַּרְמֶ֑ל	1	rc://*/tw/dict/bible/names/carmel
7:14	ocwf	name	בָשָׁ֛ן	1	rc://*/tw/dict/bible/names/bashan
7:14	dp26	name	וְ⁠גִלְעָ֖ד	1	rc://*/tw/dict/bible/names/gilead
7:15	hkv3		מֵ⁠אֶ֣רֶץ	1	rc://*/tw/dict/bible/other/earth
7:15	jdnj	name	מִצְרָ֑יִם	1	rc://*/tw/dict/bible/names/egypt
7:15	peyf	keyterm	נִפְלָאֽוֹת	1	rc://*/tw/dict/bible/kt/miracle
7:16	cdt5		גוֹיִם֙	1	rc://*/tw/dict/bible/other/nation
7:16	wxns		וְ⁠יֵבֹ֔שׁוּ	1	rc://*/tw/dict/bible/other/shame
7:16	kbaa		גְּבֽוּרָתָ֑⁠ם	1	rc://*/tw/dict/bible/other/mighty
7:17	dinn		כַּ⁠נָּחָ֔שׁ	1	rc://*/tw/dict/bible/other/serpent
7:17	mazn		יִרְגְּז֖וּ	1	rc://*/tw/dict/bible/other/tremble
7:17	xtzu		מִ⁠מִּסְגְּרֹֽתֵי⁠הֶ֑ם	1	rc://*/tw/dict/bible/other/stronghold
7:17	ckmw		יִפְחָ֔דוּ	1	rc://*/tw/dict/bible/other/terror
7:17	ve9z	keyterm	יְהוָ֤ה	1	rc://*/tw/dict/bible/kt/yahweh
7:17	mdxf	keyterm	אֱלֹהֵ֨י⁠נוּ֙	1	rc://*/tw/dict/bible/kt/god
7:17	hdrv	keyterm	וְ⁠יִֽרְא֖וּ	1	rc://*/tw/dict/bible/kt/fear
7:18	p45p	keyterm	אֵ֣ל	1	rc://*/tw/dict/bible/kt/god
7:18	reda		נֹשֵׂ֤א	1	rc://*/tw/dict/bible/other/bear-heldresponsiblefor
7:18	jgyu	keyterm	עָוֺן֙	1	rc://*/tw/dict/bible/kt/iniquity
7:18	qqjs	keyterm	פֶּ֔שַׁע	1	rc://*/tw/dict/bible/kt/transgression
7:18	umz9	keyterm	לִ⁠שְׁאֵרִ֖ית	1	rc://*/tw/dict/bible/kt/remnant
7:18	eyqq	keyterm	נַחֲלָת֑⁠וֹ	1	rc://*/tw/dict/bible/kt/inherit
7:18	x9ry	keyterm	לָ⁠עַד֙	1	rc://*/tw/dict/bible/kt/eternity
7:18	sb5j		חָפֵ֥ץ	1	rc://*/tw/dict/bible/other/delight
7:18	wr63	keyterm	חֶ֖סֶד	1	rc://*/tw/dict/bible/kt/covenantfaith
7:19	x4ds	keyterm	יְרַֽחֲמֵ֔⁠נוּ	1	rc://*/tw/dict/bible/kt/compassion
7:19	cfdx	keyterm	עֲוֺֽנֹתֵ֑י⁠נוּ	1	rc://*/tw/dict/bible/kt/iniquity
7:19	da89	keyterm	חַטֹּאותָֽ⁠ם	1	rc://*/tw/dict/bible/kt/sin
7:20	e7gr	keyterm	אֱמֶת֙	1	rc://*/tw/dict/bible/kt/faithful
7:20	s9ku	name	לְ⁠יַֽעֲקֹ֔ב	1	rc://*/tw/dict/bible/names/jacob
7:20	b3hz	keyterm	חֶ֖סֶד	1	rc://*/tw/dict/bible/kt/covenantfaith
7:20	efrk	name	לְ⁠אַבְרָהָ֑ם	1	rc://*/tw/dict/bible/names/abraham
7:20	v44q		נִשְׁבַּ֥עְתָּ	1	rc://*/tw/dict/bible/other/oath
