Reference	ID	Tags	SupportReference	Quote	Occurrence	Note
front:intro	g1ir				0	# Introduction to Habakkuk\n\n## Part 1: General Introduction\n\n### Outline of Habakkuk\n\n1. Superscription\n2. Habakkuk’s first complaint: Why does Yahweh tolerate injustice in Judah?\n3. Yahweh’s first reply: He is raising up the Chaldeans as his instrument of judgment\n4. Habakkuk’s second complaint: Why does Yahweh use a nation more wicked than Judah?\n5. Habakkuk waits for Yahweh’s answer\n6. Yahweh’s second reply: The vision is certain; the righteous shall live by faith\n7. Five woe oracles against the oppressor\n    - Woe to the one who increases what is not his\n    - Woe to the one who gains evil gain for his house\n    - Woe to the one who builds a city with bloodshed\n    - Woe to the one who makes his neighbor drink\n    - Woe to the one who says to wood, “Awake!”\n8. Habakkuk’s prayer-psalm: a theophany and confession of trust\n    - Superscription\n    - Petition for Yahweh to act again\n    - Theophany: Yahweh appears as a divine warrior\n    - Habakkuk’s response: from trembling to trust\n    - Liturgical colophon\n\n### What is the book of Habakkuk about?\n\nUnlike most prophetic books, Habakkuk is not primarily a message from God to the people. Instead, it is a dialogue between the prophet and Yahweh. Habakkuk complains that Yahweh is allowing injustice and violence to go unchecked in Judah, and Yahweh responds that he is raising up the Chaldeans (the Babylonians) to punish Judah. This answer disturbs Habakkuk even more, and he asks why Yahweh would use a nation more wicked than Judah to carry out judgment. Yahweh’s second reply assures the prophet that the oppressor will also be judged in due time and that the righteous will live by faithfulness. The book concludes with a powerful prayer-psalm in which Habakkuk recounts Yahweh’s mighty acts in the past and resolves to trust him even when all visible sources of provision fail.\n\nThe book moves from protest to praise, from questioning God’s justice to affirming trust in God’s character. This makes it a distinctive resource for communities that are experiencing suffering and questioning why God permits injustice.\n\n### Who wrote the book of Habakkuk?\n\nThe book identifies Habakkuk as a prophet, but it tells us nothing else about his background. The liturgical notations in chapter 3, including the superscription “on shigyonoth” and the colophon “to the chief musician, on my stringed instruments,” suggest that Habakkuk may have been associated with the temple worship in Jerusalem. Most scholars date the book to the late seventh century B.C., shortly before the Babylonian invasion of Judah (605–586 B.C.), since Habakkuk speaks of the Chaldean rise as something Yahweh is about to do.\n\n### How should the title of this book be translated?\n\nTranslators may use the traditional title “The Book of Habakkuk” or simply “Habakkuk.” They may also use a title such as “The Prophecy of Habakkuk” or “The Prophecies of Habakkuk.”\n\n## Part 2: Important Religious and Cultural Concepts\n\n### The “burden” or oracle\n\nThe book opens with the Hebrew word translated “burden,” which also means a prophetic oracle or message. This term is used in several prophetic books to introduce a weighty message from Yahweh. Translators may need to use a word such as “message” or “prophecy” rather than a word for a physical load, unless their language has a similar dual meaning.\n\n### The righteous shall live by faith\n\nIn [2:4](../02/04.md), Yahweh contrasts the proud person, whose soul is not upright, with the righteous person, who shall live by his faithfulness. The Hebrew word can mean both “faithfulness” (loyal trust in Yahweh) and “faith” (belief in Yahweh’s promises). This verse is quoted three times in the New Testament ([Romans 1:17](../../rom/01/17.md); [Galatians 3:11](../../gal/03/11.md); [Hebrews 10:38](../../heb/10/38.md)) and became central to the Protestant Reformation. Translators should be aware that their rendering of this verse will be compared with the New Testament quotations.\n\n### Theodicy: questioning God’s justice\n\nHabakkuk is one of the few biblical books that directly questions why Yahweh permits evil. The prophet does not doubt Yahweh’s existence or power; he struggles to reconcile Yahweh’s holiness with the presence of injustice. This theme connects Habakkuk with the book of Job and certain psalms of lament. In some cultures, it may be unusual for a person to question God openly. Translators should be aware that the text presents this questioning as an act of faith rather than rebellion.\n\n### The Chaldeans\n\nThe Chaldeans were the people group that established the Neo-Babylonian Empire, which conquered Judah and destroyed the temple in Jerusalem in 586 B.C. Yahweh describes them as “bitter and hasty” and characterizes their military power with vivid comparisons to leopards, wolves, and eagles. Translators may wish to include a footnote explaining that “Chaldeans” refers to the Babylonians.\n\n### Theophany\n\nChapter 3 describes Yahweh appearing as a divine warrior who shakes the earth, splits rivers, and commands the heavens. This kind of description, in which God appears with cosmic power, is called a theophany. It draws on the tradition of Yahweh’s mighty acts at the exodus and the conquest of the promised land. Translators should present these descriptions as poetic imagery of God’s power rather than as literal descriptions of a past or future event.\n\n## Part 3: Important Translation Issues\n\n### Dialogue structure\n\nThe book alternates between the prophet’s words and Yahweh’s words, but it does not always mark the transitions with explicit speaker labels. In chapter 1, the shifts occur at verses 2, 5, and 12. In chapter 2, Habakkuk speaks in verse 1, and Yahweh speaks from verse 2 onward. Translators may wish to use section headings, paragraph breaks, or other formatting to help readers follow the dialogue. Notes in the individual chapters will identify the speaker at each transition.\n\n### Hebrew poetry: parallelism\n\nThe book of Habakkuk is written almost entirely in poetry. Hebrew poetry was based on repetition of meaning rather than on repetition of sound. A speaker would typically say one phrase and then say another phrase that meant a similar thing, an opposite thing, or something supplementary. This second phrase would advance the meaning of the first phrase in some way. In many cases it would be good to show this to readers by including all the phrases in the translation rather than combining them. However, if the repetition might be confusing, translators could connect the phrases with a word that shows how the second phrase advances the meaning of the first one. Notes throughout the book will model ways of doing this in various cases.\n\n### Woe oracles\n\nChapter 2 contains five pronouncements that begin with the word “Woe” (verses 6, 9, 12, 15, 19). This word communicates a warning about coming disaster for the person described. If the word “woe” does not communicate this meaning in a target language, translators could use an equivalent expression such as “How terrible it will be for” or “Disaster will come upon.”\n\n### Difficult Hebrew in 1:9 and 3:9\n\nSome verses in Habakkuk contain Hebrew words and phrases whose meaning is debated among scholars. In [1:9](../01/09.md), the phrase about the direction of the Chaldeans’ faces is uncertain, and in [3:9](../03/09.md), the line about oaths and staffs is one of the most difficult lines in the Hebrew Bible. The ULT provides a literal rendering in these cases, and the UST offers a meaning-based interpretation. Notes at these places will alert translators to the difficulty and suggest possible readings.\n\n### Selah\n\nThe word “Selah” appears three times in chapter 3 (verses 3, 9, 13). This term is found almost exclusively in the Psalms and in Habakkuk 3. Its exact meaning is uncertain, but it likely indicates a musical or liturgical pause. Translators may choose to keep the word “Selah” as a loanword or to translate it with a term meaning “pause” or “musical interlude.”\n\n### Figurative language for military power\n\nThroughout the book, both Yahweh and Habakkuk use vivid figurative language to describe the Chaldean military: horses swifter than leopards, fiercer than evening wolves, horsemen that fly like eagles; a fisherman catching people with hooks, nets, and dragnets; and a person making his neighbor drink to expose his nakedness. Translators should preserve these figures of speech where possible and provide alternate translations in cases where the images would not be understood in the target culture. Notes will address each of these images individually.
1:intro	ehfp				0	# Habakkuk 1 Chapter Introduction\n\n## Structure and Formatting\n\nThis chapter is a prophetic lament dialogue: the prophet complains about injustice, Yahweh announces the Chaldean invasion, then the prophet protests again. See: [[rc://*/tw/dict/bible/kt/lament]]\n\n## Religious and Cultural Concepts in This Chapter\n\n### The Oracle (Burden)\n\nThe Hebrew word for “burden” also means a prophetic oracle. Translators may need to use “message” or “oracle” rather than implying a physical load.\n\n### Justice\n\nHabakkuk protests that justice has collapsed in Judah, then questions why Yahweh uses an even more wicked nation to punish them.
1:1	v3nb		rc://*/ta/man/translate/writing-background	הַ⁠מַּשָׂא֙ אֲשֶׁ֣ר חָזָ֔ה חֲבַקּ֖וּק הַ⁠נָּבִֽיא	1	Here the author is providing background information to help readers understand what happens next in the story. In your translation, introduce this information in a way that would be natural in your own language and culture.
1:1	n4v3		rc://*/ta/man/translate/figs-metonymy	הַ⁠מַּשָׂא֙	1	Here, **oracle** represents a prophetic message. If it would be helpful in your language, you could use an equivalent expression or plain language. Alternate translation: [The prophetic message that Habakkuk the prophet received]
1:2	ygpi		rc://*/ta/man/translate/figs-rquestion	עַד־אָ֧נָה יְהוָ֛ה שִׁוַּ֖עְתִּי וְ⁠לֹ֣א תִשְׁמָ֑ע	1	Habakkuk is using the question form to express his frustration and lament to Yahweh. If a speaker of your language would not use the question form for that purpose, you could translate this as a statement or as an exclamation. Alternate translation: [Yahweh, I have cried aloud for so long, but you will not listen!]
1:2	pq9r		rc://*/ta/man/translate/figs-abstractnouns	חָמָ֖ס	1	If your language does not use an abstract noun for the idea of **Violence**, you could express the same idea in another way. Alternate translation: [People are acting violently]
1:3	xusy		rc://*/ta/man/translate/figs-rquestion	לָ֣⁠מָּה תַרְאֵ֤⁠נִי אָ֨וֶן֙ וְ⁠עָמָ֣ל תַּבִּ֔יט	1	Habakkuk is using the question form to express his protest against what Yahweh is allowing to happen. If a speaker of your language would not use the question form for that purpose, you could translate this as a statement or as an exclamation. Alternate translation: [You make me see iniquity and you behold trouble!]
1:3	ixtg		rc://*/ta/man/translate/figs-abstractnouns	אָ֨וֶן֙	1	If your language does not use an abstract noun for the idea of **iniquity**, you could express the same idea in another way. Alternate translation: [people doing wrong]
1:3	hkpq		rc://*/ta/man/translate/figs-doublet	וְ⁠שֹׁ֥ד וְ⁠חָמָ֖ס	1	The terms **destruction** and **violence** mean similar things. Habakkuk is using the two terms together for emphasis. If it would be clearer for your readers, you could express the emphasis with a single phrase. Alternate translation: [And brutal devastation is]
1:3	dlhb		rc://*/ta/man/translate/figs-abstractnouns	וְ⁠שֹׁ֥ד וְ⁠חָמָ֖ס & וַ⁠יְהִ֧י רִ֦יב	1	If your language does not use abstract nouns for the ideas of **destruction**, **violence**, or **strife**, you could express the same ideas in another way. Alternate translation: [And people ruining things and people acting violently are … and there are people quarreling]
1:4	asxr		rc://*/ta/man/translate/figs-parallelism	עַל־כֵּן֙ תָּפ֣וּג תּוֹרָ֔ה וְ⁠לֹֽא־יֵצֵ֥א לָ⁠נֶ֖צַח מִשְׁפָּ֑ט	1	These two clauses mean basically the same thing. The second emphasizes the meaning of the first by repeating the same idea with different words. If it would be helpful to your readers, you could combine them and express the emphasis in another way. Another approach would be to connect the phrases with a word that shows that the second phrase is repeating the first one, not saying something additional. See how you as a team have decided to translate the parallel phrases in the Psalms, and follow that approach here and throughout this psalm. Alternate translation: [Therefore the law is powerless because no one upholds justice]
1:4	gc9b		rc://*/ta/man/translate/grammar-connect-logic-result	עַל־כֵּן֙ תָּפ֣וּג תּוֹרָ֔ה	1	Here, **Therefore** indicates that what follows is the result of the injustice Habakkuk has just described. If it would be helpful in your language, you could use a different connecting word to express a result. Alternate translation: [As a result, the law weakens]
1:4	bi0e		rc://*/ta/man/translate/figs-metaphor	תָּפ֣וּג תּוֹרָ֔ה	1	Habakkuk is speaking of **the law** as if it were a person who could become physically weak. If it would be helpful in your language, you could state the meaning plainly. Alternate translation: [the law has no power]
1:4	f54h		rc://*/ta/man/translate/figs-metaphor	וְ⁠לֹֽא־יֵצֵ֥א לָ⁠נֶ֖צַח מִשְׁפָּ֑ט	1	Habakkuk is speaking of **justice** as if it were a person who could go out and act. If it would be helpful in your language, you could state the meaning plainly. Alternate translation: [and judges do not make fair decisions]
1:4	id77		rc://*/ta/man/translate/figs-abstractnouns	מִשְׁפָּ֑ט	1	If your language does not use an abstract noun for the idea of **justice**, you could express the same idea in another way. Alternate translation: [a fair decision]
1:4	n93d		rc://*/ta/man/translate/figs-nominaladj	רָשָׁע֙	1	Habakkuk is using the adjective **wicked** as a noun to refer to a kind of person. If your language does not use adjectives as nouns, you could translate this with an equivalent phrase. Alternate translation: [the wicked person]
1:4	quro		rc://*/ta/man/translate/figs-nominaladj	אֶת־הַ⁠צַּדִּ֔יק	1	Habakkuk is using the adjective **righteous** as a noun to refer to a kind of person. If your language does not use adjectives as nouns, you could translate this with an equivalent phrase. Alternate translation: [the righteous person]
1:5	eub8		rc://*/ta/man/translate/writing-newevent	רְא֤וּ בַ⁠גּוֹיִם֙ וְֽ⁠הַבִּ֔יטוּ וְ⁠הִֽתַּמְּה֖וּ	1	Here Yahweh begins to respond to Habakkuk’s complaint. In your translation, introduce this new event in a way that would be natural in your own language and culture. See the UST for an example.
1:5	fk2h		rc://*/ta/man/translate/figs-imperative	רְא֤וּ בַ⁠גּוֹיִם֙ וְֽ⁠הַבִּ֔יטוּ וְ⁠הִֽתַּמְּה֖וּ תְּמָ֑הוּ	1	Yahweh is using these imperatives to command his audience to pay attention to what he is about to reveal. If a speaker of your language would not use commands in this way, you could translate these commands using another form that is natural in your language. Alternate translation: [You should look among the nations and pay attention, and you will be amazed and astonished!]
1:5	mfn3		rc://*/ta/man/translate/figs-reduplication	וְ⁠הִֽתַּמְּה֖וּ תְּמָ֑הוּ	1	Yahweh is the phrase **be amazed** in order to intensify his expression of the idea that it conveys. If your language can repeat words for intensification, it would be appropriate to do that here in your translation. If not, your language may have another way of expressing the intensification. Alternate translation: [and be utterly astonished!]
1:5	fuww		rc://*/ta/man/translate/writing-poetry	פֹ֨עַל֙ פֹּעֵ֣ל	1	The phrase **working a work** uses the same Hebrew root for both the verb and its object. This emphasizes the greatness or significance of the action. If it would be helpful in your language, you could express the emphasis in another way. Alternate translation: [I am doing a mighty deed]
1:6	lbrt		rc://*/ta/man/translate/figs-idiom	כִּֽי־הִנְ⁠נִ֤י מֵקִים֙ אֶת־הַ⁠כַּשְׂדִּ֔ים	1	The expression **behold me** was a common way of introducing a divine announcement. If it would be helpful in your language, you could state the meaning plainly. Alternate translation: [For pay attention, I am raising up the Chaldeans]
1:6	cw7y		rc://*/ta/man/translate/figs-123person	לֹּא־לֽ⁠וֹ	1	Here, **to him** refers to the Chaldean nation. Yahweh is describing the nation in the third person using a singular pronoun. If it would be helpful in your language, you could state the referent plainly. Alternate translation: [not belonging to them]
1:6	vd17		rc://*/ta/man/translate/figs-metaphor	הַ⁠גּ֖וֹי הַ⁠מַּ֣ר וְ⁠הַ⁠נִּמְהָ֑ר	1	Yahweh is speaking of the Chaldean nation as if it were a person with the emotional qualities of being **bitter** and hasty. If it would be helpful in your language, you could state the meaning plainly. Alternate translation: [a nation whose warriors are terrible and fast]
1:7	x7qc		rc://*/ta/man/translate/figs-abstractnouns	וּ⁠שְׂאֵת֖⁠וֹ	1	If your language does not use an abstract noun for the idea of **dignity**, you could express the same idea in another way. Alternate translation: [and his worthiness of respect]
1:7	gg5k		rc://*/ta/man/translate/figs-123person	אָיֹ֥ם וְ⁠נוֹרָ֖א ה֑וּא מִמֶּ֕⁠נּוּ מִשְׁפָּט֥⁠וֹ וּ⁠שְׂאֵת֖⁠וֹ יֵצֵֽא	1	The pronouns **He, him,** and **his** in this verse continue to refer to the Chaldean nation. See how Yahweh introduced this nation in the previous verse. If it would be helpful in your language, you could state the referent plainly. Alternate translation: [That nation is dreadful and terrifying; from it goes forth its own justice and its own dignity]
1:8	z7js		rc://*/ta/man/translate/figs-parallelism	וּ⁠פָ֖שׁוּ פָּֽרָשָׁ֑י⁠ו וּ⁠פָֽרָשָׁי⁠ו֙ מֵ⁠רָח֣וֹק יָבֹ֔אוּ	1	See how your translation team has decided to represent pairs of clauses in Hebrew poetry that mean basically the same thing. Alternate translation: [And his horsemen advance rapidly from far away]
1:8	wkdw		rc://*/ta/man/translate/figs-simile	יָעֻ֕פוּ כְּ⁠נֶ֖שֶׁר חָ֥שׁ לֶ⁠אֱכֽוֹל	1	Yahweh is comparing the Chaldean attack to **an eagle rushing to devour** its prey. If it would be helpful in your language, you could express this comparison in another way. Alternate translation: [they attack as swiftly as an eagle diving for prey]
1:9	sla0		rc://*/ta/man/translate/translate-alternativereadings	מְגַמַּ֥ת פְּנֵי⁠הֶ֖ם קָדִ֑ימָ⁠ה	1	The phrase **The direction of their faces {is} eastward** is a translation of the written Hebrew text. This reading, however, is only one of several possibilities suggested by scholars. Scholars have proposed some alternative readings, and you may want to follow one of those. The UST follows the first alternative. Alternate translation: [Everyone is terrified as they approach] or [The set of their faces is like the east wind]
1:9	mtqk		rc://*/ta/man/translate/figs-metonymy	מְגַמַּ֥ת פְּנֵי⁠הֶ֖ם קָדִ֑ימָ⁠ה	1	Here, **faces** represents the determined direction of the Chaldean advance. If it would be helpful in your language, you could use an equivalent expression or plain language. Alternate translation: [They all press forward toward the east]
1:9	qbb2		rc://*/ta/man/translate/writing-pronouns	וַ⁠יֶּאֱסֹ֥ף & שֶֽׁבִי	1	Here the singular pronoun **he** refers to the Chaldean nation collectively. If it would be helpful in your language, you could use the plural pronoun. Alternate translation: [and they gather captives]
1:9	cjmw		rc://*/ta/man/translate/figs-hyperbole	וַ⁠יֶּאֱסֹ֥ף כַּ⁠ח֖וֹל שֶֽׁבִי	1	Yahweh says that the Chaldean gathers captives **like the sand** as an extreme statement to emphasize the vast number of people captured. If it would be helpful in your language, you could express the emphasis in another way. Alternate translation: [and he gathers more captives than anyone can count]
1:10	ka98		rc://*/ta/man/translate/figs-parallelism	וְ⁠הוּא֙ בַּ⁠מְּלָכִ֣ים יִתְקַלָּ֔ס וְ⁠רֹזְנִ֖ים מִשְׂחָ֣ק ל֑⁠וֹ	1	See how your translation team has decided to represent pairs of clauses in Hebrew poetry that mean basically the same thing. Alternate translation: [And he thoroughly ridicules all rulers and kings]
1:10	is2i		rc://*/ta/man/translate/writing-pronouns	וְ⁠הוּא֙ בַּ⁠מְּלָכִ֣ים יִתְקַלָּ֔ס	1	Here, the author uses the independent pronoun **he** twice for emphasis in the Hebrew. If a speaker of your language would not repeat the pronoun, you could express the emphasis in another way. Alternate translation: [And he himself mocks at kings]
1:10	saag		rc://*/ta/man/translate/figs-metaphor	וְ⁠רֹזְנִ֖ים מִשְׂחָ֣ק ל֑⁠וֹ	1	The author is speaking of **rulers** as if they were merely objects of his **laughter**. If it would be helpful in your language, you could state the meaning plainly. Alternate translation: [he laughs at rulers]
1:10	vbys		rc://*/ta/man/translate/figs-abstractnouns	מִשְׂחָ֣ק	1	If your language does not use an abstract noun for the idea of **laughter**, you could express the same idea in another way. Alternate translation: [are something he laughs at]
1:10	hoo6		rc://*/ta/man/translate/grammar-connect-logic-result	וַ⁠יִּצְבֹּ֥ר עָפָ֖ר וַֽ⁠יִּלְכְּדָֽ⁠הּ	1	In this verse, the mocking of kings and rulers is described before the military action that makes that mocking possible. He piles up a siege ramp and captures the fortress—and that is why he can mock. If your language needs an explicit connector to show that the second clause is the result of the first, you could use one. Alternate translation: [He piles up dirt and captures every fortress, and so he mocks at kings, and rulers are laughter to him.]
1:10	qawn		rc://*/ta/man/translate/writing-pronouns	ה֚וּא לְ⁠כָל־מִבְצָ֣ר יִשְׂחָ֔ק	1	Here the author again uses the independent pronoun **He** twice for emphasis in the Hebrew. If a speaker of your language would not repeat the pronoun, you could express the emphasis in another way. Alternate translation: [He himself laughs at every fortress]
1:11	ub9y		rc://*/ta/man/translate/grammar-connect-time-sequential	אָ֣ז חָלַ֥ף ר֛וּחַ וַֽ⁠יַּעֲבֹ֖ר	1	The word **Then** indicates that this event happens after the events previously described. If it would be helpful in your language, you could use a different connecting word to express a sequential relationship. Alternate translation: [After that, he sweeps by like the wind and goes on]
1:11	qu2y		rc://*/ta/man/translate/figs-simile	אָ֣ז חָלַ֥ף ר֛וּחַ וַֽ⁠יַּעֲבֹ֖ר	1	Yahweh is comparing the Chaldean’s advance to **the wind** to describe how quickly and unstoppably he passes through. If it would be helpful in your language, you could express this comparison in another way. Alternate translation: [Then he passes through swiftly and goes on]
1:11	okn9		rc://*/ta/man/translate/figs-metaphor	ז֥וּ כֹח֖⁠וֹ לֵ⁠אלֹהֽ⁠וֹ	1	The author is speaking of military **might** as if it were a **god** that the Chaldean worships. If it would be helpful in your language, you could state the meaning plainly. Alternate translation: [this one who treats his own strength as his deity]
1:11	bwuc		rc://*/ta/man/translate/figs-abstractnouns	כֹח֖⁠וֹ	1	If your language does not use an abstract noun for the idea of **might**, you could express the same idea in another way. Alternate translation: [whose strength in battle]
1:12	vx03		rc://*/ta/man/translate/figs-rquestion	הֲ⁠ל֧וֹא אַתָּ֣ה מִ⁠קֶּ֗דֶם יְהוָ֧ה אֱלֹהַ֛⁠י קְדֹשִׁ֖⁠י	1	Habakkuk is using the question form to affirm that Yahweh has existed from ancient times. If a speaker of your language would not use the question form for that purpose, you could translate this as a statement or as an exclamation. Alternate translation: [You have existed from ancient times, Yahweh my God, my Holy One.]
1:12	kz2k		rc://*/ta/man/translate/figs-doublet	יְהוָ֧ה אֱלֹהַ֛⁠י קְדֹשִׁ֖⁠י	1	The terms **Yahweh my God** and **my Holy One** mean similar things. The writer is using the two terms together for emphasis. If it would be clearer for your readers, you could express the emphasis with a single phrase. Alternate translation: [Yahweh, my holy God]
1:12	mp5m		rc://*/ta/man/translate/figs-abstractnouns	לְ⁠מִשְׁפָּ֣ט	1	If your language does not use an abstract noun for the idea of **judgment**, you could express the same idea in another way. Alternate translation: [for judging us]
1:12	zonc		rc://*/ta/man/translate/figs-metaphor	וְ⁠צ֖וּר	1	Habakkuk is speaking of Yahweh as if he were a **Rock**, to emphasize his stability and reliability. If it would be helpful in your language, you could state the meaning plainly. Alternate translation: [and our firm foundation]
1:12	lu08		rc://*/ta/man/translate/writing-newevent	הֲ⁠ל֧וֹא אַתָּ֣ה מִ⁠קֶּ֗דֶם	1	Here Habakkuk begins a second complaint to Yahweh, preparing to question why Yahweh would use the Chaldeans to punish Judah. In your translation, introduce this new event in a way that would be natural in your own language and culture. Alternate translation: [Have you not been from long ago]
1:13	lksk		rc://*/ta/man/translate/figs-metonymy	טְה֤וֹר עֵינַ֨יִם֙ מֵ⁠רְא֣וֹת רָ֔ע	1	Here, **Your eyes** represents Yahweh’s ability to perceive and attend to things. If it would be helpful in your language, you could use an equivalent expression or plain language. Alternate translation: [You are too pure to look at evil]
1:13	qs3u		rc://*/ta/man/translate/figs-parallelism	טְה֤וֹר עֵינַ֨יִם֙ מֵ⁠רְא֣וֹת רָ֔ע וְ⁠הַבִּ֥יט אֶל־עָמָ֖ל לֹ֣א תוּכָ֑ל	1	See how your translation team has decided to represent pairs of clauses in Hebrew poetry that mean basically the same thing. Alternate translation: [You are completely unable to look upon evil or trouble]
1:13	id86		rc://*/ta/man/translate/figs-rquestion	לָ֤⁠מָּה תַבִּיט֙ בּֽוֹגְדִ֔ים תַּחֲרִ֕ישׁ בְּ⁠בַלַּ֥ע רָשָׁ֖ע צַדִּ֥יק מִמֶּֽ⁠נּוּ	1	Habakkuk is using the question form to express his protest against Yahweh’s apparent tolerance of treachery. If a speaker of your language would not use the question form for that purpose, you could translate this as a statement or as an exclamation. Alternate translation: [You should not look at treacherous ones or keep silent when the wicked devours one more righteous than him!]
1:13	hdok		rc://*/ta/man/translate/figs-nominaladj	רָשָׁ֖ע	1	Habakkuk is using the adjective **wicked** as a noun to refer to a kind of person. If your language does not use adjectives as nouns, you could translate this with an equivalent phrase. Alternate translation: [the wicked person]
1:14	bgvs		rc://*/ta/man/translate/figs-simile	וַ⁠תַּעֲשֶׂ֥ה אָדָ֖ם כִּ⁠דְגֵ֣י הַ⁠יָּ֑ם	1	Habakkuk is comparing helpless humans to **the fish of the sea**, which can be caught without resistance. If it would be helpful in your language, you could express this comparison in another way. Alternate translation: [And you make man as helpless as the fish of the sea]
1:14	khfk		rc://*/ta/man/translate/figs-ellipsis	כְּ⁠רֶ֖מֶשׂ לֹא־מֹשֵׁ֥ל בּֽ⁠וֹ	1	Habakkuk is leaving out some of the words that in many languages a sentence would need in order to be complete. You can supply these words from the context if that would be clearer in your language. Alternate translation: [and you make man like a creeping thing with no ruler over it]
1:14	cwdt		rc://*/ta/man/translate/figs-simile	כְּ⁠רֶ֖מֶשׂ לֹא־מֹשֵׁ֥ל בּֽ⁠וֹ	1	Habakkuk is comparing humans to **a creeping thing** that has no one to protect or lead it. If it would be helpful in your language, you could express this comparison in another way. Alternate translation: [like creatures that have no one to protect them]
1:15	f7s1		rc://*/ta/man/translate/figs-metaphor	כֻּלֹּ⁠ה֙ בְּ⁠חַכָּ֣ה הֵֽעֲלָ֔ה	1	Habakkuk is speaking of the Chaldean conquest as if the Chaldean were a fisherman pulling people up with **a hook**. If it would be helpful in your language, you could state the meaning plainly. Alternate translation: [All of them, he captures easily]
1:15	qwbb		rc://*/ta/man/translate/figs-parallelism	יְגֹרֵ֣⁠הוּ בְ⁠חֶרְמ֔⁠וֹ וְ⁠יַאַסְפֵ֖⁠הוּ בְּ⁠מִכְמַרְתּ֑⁠וֹ	1	See how your translation team has decided to represent pairs of clauses in Hebrew poetry that mean basically the same thing. Alternate translation: [He catches him easily in his net] or [He drags him with his net; indeed, he gathers him with his dragnet]
1:15	ntg0		rc://*/ta/man/translate/figs-metaphor	יְגֹרֵ֣⁠הוּ בְ⁠חֶרְמ֔⁠וֹ וְ⁠יַאַסְפֵ֖⁠הוּ בְּ⁠מִכְמַרְתּ֑⁠וֹ	1	Habakkuk is speaking of the Chaldean conquest as if the Chaldean were a fisherman catching people with **his net** and **his dragnet**. If it would be helpful in your language, you could state the meaning plainly. Alternate translation: [He captures people with his army, and he sweeps them up in large numbers]
1:16	ayr0		rc://*/ta/man/translate/figs-parallelism	עַל־כֵּן֙ יְזַבֵּ֣חַ לְ⁠חֶרְמ֔⁠וֹ וִֽ⁠יקַטֵּ֖ר לְ⁠מִכְמַרְתּ֑⁠וֹ	1	See how your translation team has decided to represent pairs of clauses in Hebrew poetry that mean basically the same thing. Alternate translation: [Therefore he worships his own weapons of war]
1:16	jst2		rc://*/ta/man/translate/figs-personification	עַל־כֵּן֙ יְזַבֵּ֣חַ לְ⁠חֶרְמ֔⁠וֹ וִֽ⁠יקַטֵּ֖ר לְ⁠מִכְמַרְתּ֑⁠וֹ	1	Habakkuk speaks of the Chaldean worshiping his **net** and **dragnet** as if those things were gods which could receive **sacrifices** and **incense**. If it would be helpful in your language, you could state the meaning plainly. Alternate translation: [Therefore he gives credit to his weapons of war and honors them]
1:16	jj6h		rc://*/ta/man/translate/figs-metaphor	שָׁמֵ֣ן חֶלְק֔⁠וֹ וּ⁠מַאֲכָל֖⁠וֹ בְּרִאָֽה	1	Habakkuk is speaking of the Chaldean’s plunder as if it were **fat** and **rich** food. Your language may have a comparable expression that you can use in your translation, or you could state the meaning plainly. Alternate translation: [his portion is plentiful and his food is abundant]
1:16	r809		rc://*/ta/man/translate/figs-abstractnouns	חֶלְק֔⁠וֹ	1	If your language does not use an abstract noun for the idea of **his portion**, you could express the same idea in another way. Alternate translation: [what he receives]
1:17	rnpl		rc://*/ta/man/translate/figs-rquestion	הַ֥⁠עַל כֵּ֖ן יָרִ֣יק חֶרְמ֑⁠וֹ וְ⁠תָמִ֛יד לַ⁠הֲרֹ֥ג גּוֹיִ֖ם לֹ֥א יַחְמֽוֹל	1	Habakkuk is using the question form to challenge Yahweh about whether the Chaldean will continue conquering without mercy. If a speaker of your language would not use the question form for that purpose, you could translate this as a statement or as an exclamation. Alternate translation: [Therefore, he should not keep emptying his net, and he should not keep slaying the nations continually!]
2:intro	nc48				0	# Habakkuk 2 Chapter Introduction\n\n## Structure and Formatting\n\nThis chapter contains Yahweh’s answer to Habakkuk’s second complaint. After instructing the prophet to write down a vision, Yahweh pronounces five oracles against the oppressor (verses 6-20), each beginning with “Woe.”\n\n## Religious and Cultural Concepts in This Chapter\n\n### The Righteous Shall Live by Faith\n\nVerse 4 contrasts the proud, whose soul is not upright, with the righteous, who shall live by faith. This verse is quoted three times in the New Testament.\n\n### Idolatry\n\nThe final woe oracle (verses 18-20) condemns the making and worshiping of idols, contrasting them with Yahweh, who is in his holy temple.
2:1	qet5		rc://*/ta/man/translate/figs-metaphor	עַל־מִשְׁמַרְתִּ֣⁠י אֶעֱמֹ֔דָה וְ⁠אֶֽתְיַצְּבָ֖ה עַל־מָצ֑וֹר	1	Habakkuk is speaking of his act of waiting for God’s reply as if he were a guard standing at a **watchtower**. Your language may have a comparable expression that you can use in your translation, or you could state the meaning plainly. Alternate translation: [I will wait attentively for what God will say to me]
2:1	am9r		rc://*/ta/man/translate/figs-abstractnouns	תּוֹכַחְתִּֽ⁠י	1	If your language does not use an abstract noun for the idea of **complaint**, you could express the same idea in another way. Alternate translation: [what I am complaining about]
2:2	ih3i		rc://*/ta/man/translate/writing-quotations	וַ⁠יַּעֲנֵ֤⁠נִי יְהוָה֙ וַ⁠יֹּ֔אמֶר	1	The phrase **and said** introduces a direct quotation. In your translation, use a natural way of introducing direct quotations in your language. It may not be necessary to represent this term explicitly. Alternate translation: [Then Yahweh answered me,]
2:2	mwtq		rc://*/ta/man/translate/figs-quotesinquotes	וַ⁠יַּעֲנֵ֤⁠נִי יְהוָה֙ וַ⁠יֹּ֔אמֶר כְּת֣וֹב חָז֔וֹן וּ⁠בָאֵ֖ר עַל־הַ⁠לֻּח֑וֹת	1	If it would be clearer in your language, you could translate this so that there is not a quotation within a quotation. Alternate translation: [Then Yahweh answered me and told me to write the vision and to make it plain on the tablets] or [Then Yahweh answered me, telling me to write the vision and make it plain on the tablets]
2:2	cz8z		rc://*/ta/man/translate/grammar-connect-logic-goal	לְמַ֥עַן יָר֖וּץ ק֥וֹרֵא בֽ⁠וֹ	1	Here, **so that** marks **the one reading it may run** as the goal or purpose of writing the vision and making it plain on the tablets. Use a connector in your language that makes it clear that this is the purpose. Alternate translation: [in order that the one reading it may run]
2:2	ai5y		rc://*/ta/man/translate/figs-metonymy	יָר֖וּץ ק֥וֹרֵא בֽ⁠וֹ	1	Here, **run** represents the urgent heralding response of the one who reads the message. If it would be helpful in your language, you could use an equivalent expression or plain language. Alternate translation: [the one reading it may hasten to proclaim it]
2:3	xoct		rc://*/ta/man/translate/figs-personification	וְ⁠יָפֵ֥חַ לַ⁠קֵּ֖ץ וְ⁠לֹ֣א יְכַזֵּ֑ב אִם־יִתְמַהְמָהּ֙ חַכֵּה־ל֔⁠וֹ כִּֽי־בֹ֥א יָבֹ֖א לֹ֥א יְאַחֵֽר	1	Yahweh is speaking of **the vision** as if it were a living thing that could **speak** about the end, **lie**, tarry, and **delay**. If it would be helpful in your language, you could state the meaning plainly. Alternate translation: [it is a message about the end that will certainly prove true; even if its fulfillment seems slow in coming, it will surely be fulfilled at the appointed time]
2:3	bqtk		rc://*/ta/man/translate/grammar-connect-logic-contrast	אִם־יִתְמַהְמָהּ֙ חַכֵּה־ל֔⁠וֹ	1	The author uses the word **Though** here to indicate a contrast between the possibility that the vision may seem delayed and the certainty that it will come eventually. In your translation, indicate this contrast in a way that is natural in your language. Alternate translation: [Even if it tarries, wait for it] or [Even if it seems to be delayed, do not give up waiting for it]
2:3	vzyk		rc://*/ta/man/translate/figs-imperative	חַכֵּה־ל֔⁠וֹ	1	This is an imperative, but it communicates an exhortation or encouragement rather than a command. Use a form in your language that communicates encouragement. Alternate translation: [you should wait for it]
2:3	l7wt		rc://*/ta/man/translate/figs-reduplication	בֹ֥א יָבֹ֖א	1	The author is repeating forms of the verb **come** in order to intensify his expression of the idea that it conveys. If your language can repeat words for intensification, it would be appropriate to do that here in your translation. If not, your language may have another way of expressing the intensification. Alternate translation: [it will certainly come]
2:4	ipcz		rc://*/ta/man/translate/figs-metaphor	הִנֵּ֣ה	1	The author is using the term **Behold** to focus his listeners’ attention on what he is about to say. Your language may have a comparable expression that you can use in your translation. Alternate translation: [Look!]
2:4	wjie		rc://*/ta/man/translate/figs-metaphor	עֻפְּלָ֔ה & נַפְשׁ֖⁠וֹ	1	Here the author is speaking of a proud person as if his **soul** were something that could be physically **puffed up** or inflated. Your language may have a comparable expression that you can use in your translation, or you could state the meaning plainly. Alternate translation: [He is arrogant]
2:4	kajx		rc://*/ta/man/translate/figs-metonymy	נַפְשׁ֖⁠וֹ	1	Here, **soul** represents the entire person from the perspective of his inner character. If it would be helpful in your language, you could use an equivalent expression or plain language. Alternate translation: [He himself]
2:4	pvyb		rc://*/ta/man/translate/writing-pronouns	עֻפְּלָ֔ה לֹא־יָשְׁרָ֥ה נַפְשׁ֖⁠וֹ בּ֑⁠וֹ	1	The pronouns **His** and **him** both refer to the proud, arrogant person described in this verse, who is contrasted with **the righteous** in the following clause. In the context of the book, this probably means the Chaldeans. If it would be helpful in your language, you could state this explicitly. Alternate translation: [The Chaldeans’ souls are puffed up; it is not upright within them]
2:4	a1ar		rc://*/ta/man/translate/figs-activepassive	עֻפְּלָ֔ה	1	The expression **is puffed up** is a passive verbal form. If it would be unnatural to use that form, you could express the idea in active form or in another way that is natural in your language. Alternate translation: [has become proud]
2:4	cs1x		rc://*/ta/man/translate/figs-metaphor	לֹא־יָשְׁרָ֥ה & בּ֑⁠וֹ	1	Here the author is speaking of moral character as if it were something that could be physically **upright** or straight. Your language may have a comparable expression that you can use in your translation, or you could state the meaning plainly. Alternate translation: [his character is not right within him]
2:4	f6wr		rc://*/ta/man/translate/figs-nominaladj	וְ⁠צַדִּ֖יק	1	The author is using the adjective **righteous** as a noun to mean a certain kind of person. Your language may use adjectives in the same way. If not, you can translate this adjective with an equivalent phrase. Alternate translation: [the righteous person]
2:4	wggy		rc://*/ta/man/translate/grammar-connect-logic-contrast	וְ⁠צַדִּ֖יק בֶּ⁠אֱמוּנָת֥⁠וֹ יִחְיֶֽה	1	The author uses the word **but** here to indicate a contrast between the proud person whose soul is not upright and the righteous person who lives by faithfulness. In your translation, indicate this contrast in a way that is natural in your language. Alternate translation: [however, the righteous person will live by his faithfulness]
2:4	sfw1		rc://*/ta/man/translate/figs-abstractnouns	בֶּ⁠אֱמוּנָת֥⁠וֹ	1	If your language does not use an abstract noun for the idea of **faithfulness**, you could express the same idea in another way. Alternate translation: [being faithful to God]
2:5	buv3		rc://*/ta/man/translate/figs-simile	אֲשֶׁר֩ הִרְחִ֨יב כִּ⁠שְׁא֜וֹל נַפְשׁ֗⁠וֹ	1	The point of this comparison is that just as **Sheol** is never full and always takes in more of the dead, so the arrogant warrior is never content and always desires more conquests. If it would be helpful in your language, you could make this point explicitly. Alternate translation: [who makes his desire as vast as the grave]
2:5	ele1		rc://*/ta/man/translate/figs-personification	הַ⁠יַּ֣יִן בּוֹגֵ֔ד גֶּ֥בֶר יָהִ֖יר	1	Yahweh is speaking of **wine** as if it were a person capable of betraying or deceiving someone. If it would be helpful in your language, you could state the meaning plainly. Alternate translation: [wine causes the arrogant warrior to go astray]
2:5	rvdg		rc://*/ta/man/translate/figs-parallelism	אֲשֶׁר֩ הִרְחִ֨יב כִּ⁠שְׁא֜וֹל נַפְשׁ֗⁠וֹ וְ⁠ה֤וּא כַ⁠מָּ֨וֶת֙ וְ⁠לֹ֣א יִשְׂבָּ֔ע	1	See how your translation team has decided to represent pairs of clauses in Hebrew poetry that mean basically the same thing. Alternate translation: [whose appetite is never filled, like Sheol and death]
2:5	fcag		rc://*/ta/man/translate/figs-metonymy	נַפְשׁ֗⁠וֹ	1	Here, **appetite** represents desire or craving. If it would be helpful in your language, you could use an equivalent expression or plain language. Alternate translation: [his desire] or [his sense of need]
2:5	wtvm		rc://*/ta/man/translate/figs-simile	וְ⁠ה֤וּא כַ⁠מָּ֨וֶת֙ וְ⁠לֹ֣א יִשְׂבָּ֔ע	1	The point of this comparison is that just as **death** is relentless and never stops taking people, so this person is relentless and **never satisfied** in his greed. If it would be helpful in your language, you could make this point explicitly. Alternate translation: [he is as relentless as death and is never satisfied]
2:5	zku1		rc://*/ta/man/translate/figs-parallelism	וַ⁠יֶּאֱסֹ֤ף אֵלָי⁠ו֙ כָּל־הַ⁠גּוֹיִ֔ם וַ⁠יִּקְבֹּ֥ץ אֵלָ֖י⁠ו כָּל־הָ⁠עַמִּֽים	1	See how your translation team has decided to represent pairs of clauses in Hebrew poetry that mean basically the same thing. Alternate translation: [And he gathers to himself every nation and every people] or [And he gathers to himself all of the nations; yes, he collects for himself all of the peoples]
2:6	tbqa		rc://*/ta/man/translate/figs-rquestion	הֲ⁠לוֹא־אֵ֣לֶּה כֻלָּ֗⁠ם עָלָי⁠ו֙ מָשָׁ֣ל יִשָּׂ֔אוּ וּ⁠מְלִיצָ֖ה חִיד֣וֹת ל֑⁠וֹ וְ⁠יֹאמַ֗ר ה֚וֹי הַ⁠מַּרְבֶּ֣ה לֹּא־ל֔⁠וֹ עַד־מָתַ֕י וּ⁠מַכְבִּ֥יד עָלָ֖י⁠ו עַבְטִֽיט	1	Yahweh is using the question form to emphasize that the conquered peoples will certainly mock the oppressor. If a speaker of your language would not use the question form for that purpose, you could translate this as a statement or as an exclamation. Alternate translation: [These, all of them, will certainly take up a proverb against him, and ridicule, a riddle about him, so that it says, ‘Woe to the one increasing what is not his’—‘until when? and loading onto himself pledges’!]
2:6	mm13		rc://*/ta/man/translate/figs-quotesinquotes	וְ⁠יֹאמַ֗ר ה֚וֹי הַ⁠מַּרְבֶּ֣ה לֹּא־ל֔⁠וֹ עַד־מָתַ֕י וּ⁠מַכְבִּ֥יד עָלָ֖י⁠ו עַבְטִֽיט	1	If it would be clearer in your language, you could translate this so that there is not a quotation within a quotation. Alternate translation: [so that it pronounces woe on the one increasing what is not his—until when? and loading onto himself pledges]
2:6	sprc		rc://*/ta/man/translate/writing-proverbs	ה֚וֹי הַ⁠מַּרְבֶּ֣ה לֹּא־ל֔⁠וֹ עַד־מָתַ֕י וּ⁠מַכְבִּ֥יד עָלָ֖י⁠ו עַבְטִֽיט	1	Here the conquered peoples use a proverb in order to mock the greedy conqueror. Translate this proverb in a way that will be recognized as a proverb and be meaningful in your language and culture. Alternate translation: [Disaster awaits the one who endlessly takes what does not belong to him and burdens himself with debts]
2:6	huld		rc://*/ta/man/translate/figs-rquestion	עַד־מָתַ֕י	1	The conquered peoples are interjecting this brief question form to express frustration that the oppressor’s greed has continued for too long. If a speaker of your language would not use the question form for that purpose, you could translate this as a statement or as an exclamation. Alternate translation: [for far too long!]
2:7	mbsj		rc://*/ta/man/translate/writing-participants	הֲ⁠ל֣וֹא פֶ֗תַע יָק֨וּמוּ֙ נֹשְׁכֶ֔י⁠ךָ	1	Here the author is introducing **your biters** as new participants. The phrase refers to the people whom the oppressor has exploited, who will now turn against him. Your language may have its own way of introducing new participants that you can use in your translation. Alternate translation: [Will not those whom you oppressed suddenly rise up]
2:7	vss2		rc://*/ta/man/translate/figs-rquestion	הֲ⁠ל֣וֹא פֶ֗תַע יָק֨וּמוּ֙ נֹשְׁכֶ֔י⁠ךָ וְ⁠יִקְצ֖וּ מְזַעְזְעֶ֑י⁠ךָ	1	The author is using the question form to emphasize that those who oppose the oppressor will certainly rebel. If a speaker of your language would not use the question form for that purpose, you could translate this as a statement or as an exclamation. Alternate translation: [Your biters will suddenly rise up, and the ones shaking you will awaken!]
2:7	sp6z		rc://*/ta/man/translate/figs-metaphor	נֹשְׁכֶ֔י⁠ךָ	1	The Hebrew word translated **biters** could mean: (1) your creditors, that is, the plundered peoples who will demand repayment as if they were animals that bite. Alternate translation: [your creditors] (2) those who you have oppressed by forcing them to pay you unjustly. Alternate translation: [those you forced to be in debt to you]
2:7	tk1y		rc://*/ta/man/translate/figs-metaphor	מְזַעְזְעֶ֑י⁠ךָ	1	Here the author is speaking of those who will demand payment as if they were people who were **shaking** someone. Your language may have a comparable expression that you can use in your translation, or you could state the meaning plainly. Alternate translation: [the ones who will make you tremble]
2:7	x3go		rc://*/ta/man/translate/figs-metaphor	וְ⁠הָיִ֥יתָ לִ⁠מְשִׁסּ֖וֹת לָֽ⁠מוֹ	1	Here the author is speaking of the oppressor as if he were plunder that could be taken as **spoils** of war. Your language may have a comparable expression that you can use in your translation, or you could state the meaning plainly. Alternate translation: [Then they will take everything from you]
2:8	a9cw		rc://*/ta/man/translate/writing-participants	מִ⁠דְּמֵ֤י אָדָם֙ וַ⁠חֲמַס־אֶ֔רֶץ קִרְיָ֖ה וְ⁠כָל־יֹ֥שְׁבֵי בָֽ⁠הּ	1	Here the author is clarifying who suffered from the oppressor’s actions. The phrase identifies the victims and the places that were harmed. Your language may have its own way of specifying the victims that you can use in your translation. Alternate translation: [because of the people you murdered and the violent way you treated the land, the city, and all who live in it]
2:8	v6md		rc://*/ta/man/translate/figs-metonymy	מִ⁠דְּמֵ֤י אָדָם֙	1	Here, **bloodshed** represents the act of murdering people. If it would be helpful in your language, you could use an equivalent expression or plain language. Alternate translation: [because of your murderous ways]
2:9	soy4		rc://*/ta/man/translate/figs-quotesinquotes	ה֗וֹי בֹּצֵ֛עַ בֶּ֥צַע רָ֖ע לְ⁠בֵית֑⁠וֹ	1	If it would be clearer in your language, you could translate this so that there is not a quotation within a quotation. Alternate translation: [They will say that terrible things will happen to the one gaining an evil gain for his house]
2:9	en3i		rc://*/ta/man/translate/figs-exclamations	ה֗וֹי בֹּצֵ֛עַ בֶּ֥צַע רָ֖ע לְ⁠בֵית֑⁠וֹ	1	The phrase **Woe to the one gaining an evil gain for his house** expresses a strong feeling of warning and coming judgment. There may be an equivalent word or phrase in your language that you can use in your translation to convey this feeling. Alternate translation: [How terrible it will be for the one gaining an evil gain for his house]
2:9	ptfv		rc://*/ta/man/translate/figs-reduplication	בֹּצֵ֛עַ בֶּ֥צַע רָ֖ע	1	The author is repeating forms of the word **gain** in order to intensify the idea of greedy, exploitative profit. If your language can repeat words for intensification, it would be appropriate to do that here in your translation. If not, your language may have another way of expressing the intensification. Alternate translation: [the one greedily getting evil profit]
2:9	mw9g		rc://*/ta/man/translate/figs-abstractnouns	בֶּ֥צַע רָ֖ע	1	If your language does not use an abstract noun for the idea of **an evil gain**, you could express the same idea in another way. Alternate translation: [money evilly]
2:9	v94p		rc://*/ta/man/translate/figs-metaphor	לָ⁠שׂ֤וּם בַּ⁠מָּרוֹם֙ קִנּ֔⁠וֹ	1	Here the author is speaking of the oppressor building his house in a secure, elevated place as if he were a bird setting **his nest on high**. Your language may have a comparable expression that you can use in your translation, or you could state the meaning plainly. Alternate translation: [to make his dwelling secure in a high place]
2:9	pih8		rc://*/ta/man/translate/figs-activepassive	לְ⁠הִנָּצֵ֖ל	1	The expression **to be delivered** is a passive verbal form. If it would be unnatural to use that form, you could express the idea in active form or in another way that is natural in your language. Alternate translation: [to deliver himself]
2:9	i1so		rc://*/ta/man/translate/figs-metonymy	מִ⁠כַּף־רָֽע	1	Here, **hand** represents the power or control of evil. If it would be helpful in your language, you could use an equivalent expression or state the meaning plainly. Alternate translation: [from the power of evil]
2:9	vl94		rc://*/ta/man/translate/figs-possession	מִ⁠כַּף־רָֽע	1	The author is using the possessive form to describe a **hand** that is characterized by **evil**. If a speaker of your language would not use the possessive form for this, you could express this idea in another way. Alternate translation: [from the evil grasp]
2:10	i3r4		rc://*/ta/man/translate/figs-abstractnouns	בֹּ֖שֶׁת	1	If your language does not use an abstract noun for the idea of **shame**, you could express the same idea in another way. Alternate translation: [what is shameful]
2:10	pp6t		rc://*/ta/man/translate/figs-metaphor	קְצוֹת־עַמִּ֥ים רַבִּ֖ים	1	Habakkuk is speaking of destroying nations as if it were **cutting** them **off**. If it would be helpful in your language, you could state the meaning plainly. Alternate translation: [destroying many peoples]
2:10	kk73		rc://*/ta/man/translate/figs-metonymy	וְ⁠חוֹטֵ֥א נַפְשֶֽׁ⁠ךָ	1	Here, **soul** represents the person himself. If it would be helpful in your language, you could use an equivalent expression or plain language. Alternate translation: [sinning against yourself]
2:11	w7bz		rc://*/ta/man/translate/figs-personification	אֶ֖בֶן מִ⁠קִּ֣יר תִּזְעָ֑ק וְ⁠כָפִ֖יס מֵ⁠עֵ֥ץ יַעֲנֶֽ⁠נָּה	1	The author is speaking of **a stone** and **a beam** as if they were living things that could **cry out** and **answer**. If it would be helpful in your language, you could state the meaning plainly. Alternate translation: [even the stolen stones in your wall and the wooden beams are evidence of your wrongdoing]
2:12	e1ph		rc://*/ta/man/translate/figs-exclamations	ה֛וֹי בֹּנֶ֥ה עִ֖יר בְּ⁠דָמִ֑ים	1	The word **Woe** here communicates a warning about coming disaster. If a speaker of your language would not express this as an exclamation, you could express the same idea in another way. Alternate translation: [Terrible things will happen to the one building a city with bloodshed]
2:12	o1m3		rc://*/ta/man/translate/figs-genericnoun	בֹּנֶ֥ה עִ֖יר	1	The author is not referring to one specific person but to anyone who does this. If it would be helpful in your language, you could express this idea using a different form. Alternate translation: [anyone who builds a city]
2:12	hiok		rc://*/ta/man/translate/figs-abstractnouns	בְּ⁠דָמִ֑ים	1	If your language does not use an abstract noun for the idea of **bloodshed**, you could express the same idea in another way. Alternate translation: [by working people so hard they die]
2:12	xyrp		rc://*/ta/man/translate/figs-abstractnouns	בְּ⁠עַוְלָֽה	1	If your language does not use an abstract noun for the idea of **injustice**, you could express the same idea in another way. Alternate translation: [by acting unjustly]
2:13	qm69		rc://*/ta/man/translate/figs-metaphor	הִנֵּ֔ה	1	The author is using the term **Behold** to focus his listeners’ attention on what he is about to say. Your language may have a comparable expression that you can use here. Alternate translation: [Pay attention]
2:13	q8z2		rc://*/ta/man/translate/figs-rquestion	הֲ⁠ל֣וֹא הִנֵּ֔ה מֵ⁠אֵ֖ת יְהוָ֣ה צְבָא֑וֹת וְ⁠יִֽיגְע֤וּ עַמִּים֙ בְּ⁠דֵי־אֵ֔שׁ וּ⁠לְאֻמִּ֖ים בְּ⁠דֵי־רִ֥יק יִעָֽפוּ	1	The author is using the question form to emphasize that this is certainly true. If a speaker of your language would not use the question form for that purpose, you could translate this as a statement. Alternate translation: [Behold, it is from Yahweh of armies that peoples labor for fire and nations weary themselves for emptiness.]
2:13	xjrp		rc://*/ta/man/translate/figs-metaphor	וְ⁠יִֽיגְע֤וּ עַמִּים֙ בְּ⁠דֵי־אֵ֔שׁ	1	Here the author is speaking as if the results of people’s work were fuel that would be consumed by **fire**. Your language may have a comparable expression that you can use here, or you could state the meaning plainly. Alternate translation: [that peoples work hard for nothing]
2:13	b76c		rc://*/ta/man/translate/figs-abstractnouns	בְּ⁠דֵי־רִ֥יק	1	If your language does not use an abstract noun for the idea of **emptiness**, you could express the same idea in another way. Alternate translation: [for nothing]
2:14	fy5x		rc://*/ta/man/translate/figs-activepassive	תִּמָּלֵ֣א הָ⁠אָ֔רֶץ	1	If your language does not use the passive form in this way, you could express the idea in active form or in another way that is natural in your language. Alternate translation: [God will fill the earth]
2:14	c6yo		rc://*/ta/man/translate/figs-abstractnouns	לָ⁠דַ֖עַת אֶת־כְּב֣וֹד יְהוָ֑ה	1	If your language does not use an abstract noun for the idea of **glory**, you could express the same idea in another way. Alternate translation: [with people who know how glorious Yahweh is]
2:14	a9kz		rc://*/ta/man/translate/figs-possession	אֶת־כְּב֣וֹד יְהוָ֑ה	1	The author is using the possessive form to describe **glory** that belongs to **Yahweh**. If it would be helpful in your language, you could state the meaning plainly. Alternate translation: [Yahweh’s glory]
2:14	gkkt		rc://*/ta/man/translate/figs-simile	כַּ⁠מַּ֖יִם יְכַסּ֥וּ עַל־יָֽם	1	The point of this comparison is that just as **the waters** completely **cover over the sea**, so the knowledge of Yahweh’s glory will completely fill the earth. If it would be helpful in your language, you could state the meaning plainly. Alternate translation: [just as water completely fills the ocean]
2:15	t8j9		rc://*/ta/man/translate/figs-exclamations	ה֚וֹי מַשְׁקֵ֣ה רֵעֵ֔⁠הוּ	1	The word **Woe** here communicates a warning about coming disaster. If a speaker of your language would not express this as an exclamation, you could express the same idea in another way. Alternate translation: [Terrible things will happen to the one causing his neighbor to drink]
2:15	p3p8		rc://*/ta/man/translate/figs-genericnoun	מַשְׁקֵ֣ה רֵעֵ֔⁠הוּ	1	Habakkuk is not referring to one specific person but to anyone who does this. If it would be helpful in your language, you could express this idea using a different form. Alternate translation: [anyone who causes his neighbor to drink]
2:15	u480		rc://*/ta/man/translate/figs-metaphor	מַשְׁקֵ֣ה רֵעֵ֔⁠הוּ מְסַפֵּ֥חַ חֲמָתְ⁠ךָ֖ וְ⁠אַ֣ף שַׁכֵּ֑ר	1	Here the author is speaking of exploiting and humiliating other nations as if it were **causing** them **to drink** and **making** them **drunk**. Your language may have a comparable expression that you can use here, or you could state the meaning plainly. Alternate translation: [the one exploiting the vulnerability of his neighbor, intoxicating him, and promoting his drunkenness]
2:15	wmla		rc://*/ta/man/translate/writing-pronouns	מְסַפֵּ֥חַ חֲמָתְ⁠ךָ֖	1	Habakkuk has been speaking about the oppressor in the third person (**his** neighbor) but shifts to addressing him directly in the second person with **your**. If it would be helpful in your language, you could use consistent pronouns throughout. Alternate translation: [pouring out his wineskin]
2:15	y8bx		rc://*/ta/man/translate/grammar-connect-logic-goal	לְמַ֥עַן הַבִּ֖יט עַל־מְעוֹרֵי⁠הֶֽם	1	Here, **in order to** marks **look upon their nakedness** as the goal or purpose of **causing his neighbor to drink** and **making him drunk**. Use a connector in your language that makes it clear that this is the goal of the previous actions. Alternate translation: [so that you can look upon their nakedness]
2:15	arlh		rc://*/ta/man/translate/figs-metonymy	הַבִּ֖יט עַל־מְעוֹרֵי⁠הֶֽם	1	Here, **nakedness** represents humiliation and defeat. If it would be helpful in your language, you could use an equivalent expression or plain language. Alternate translation: [humiliate them] or [enjoy their downfall]
2:15	nx40		rc://*/ta/man/translate/writing-pronouns	עַל־מְעוֹרֵי⁠הֶֽם	1	Habakkuk has been using second person (**your**) to address the oppressor but shifts to third person plural with **their**. If it would be helpful in your language, you could use consistent pronouns. Alternate translation: [his nakedness]
2:16	dbm2		rc://*/ta/man/translate/figs-imperative	שְׁתֵ֥ה גַם־אַ֖תָּה וְ⁠הֵֽעָרֵ֑ל	1	These imperatives, **Drink** and **be uncircumcised**, communicate a prediction of what will happen, rather than a command. If the imperative form does not communicate this in your language, you could express the same idea in another way. Alternate translation: [You also will drink and be exposed]
2:16	ap0x		rc://*/ta/man/translate/figs-metaphor	שְׁתֵ֥ה גַם־אַ֖תָּה	1	The word **Drink** here is a metaphor. The author is speaking of experiencing God’s judgment as if it were drinking from a cup. Your language may have a comparable expression that you can use here, or you could state the meaning plainly. Alternate translation: [Experience judgment, you also]
2:16	mw3v		rc://*/ta/man/translate/figs-metaphor	וְ⁠הֵֽעָרֵ֑ל	1	Here the author is speaking of being exposed and shamed as if it were being **uncircumcised**. Your language may have a comparable expression that you can use here, or you could state the meaning plainly. Alternate translation: [and the shame of your uncircumcision be exposed]
2:16	ozbt		rc://*/ta/man/translate/figs-metaphor	תִּסּ֣וֹב עָלֶ֗י⁠ךָ כּ֚וֹס יְמִ֣ין יְהוָ֔ה	1	Here the author is speaking of God’s judgment as if it were a **cup** of wine being passed around for the oppressor to drink. Your language may have a comparable expression that you can use here, or you could state the meaning plainly. Alternate translation: [Yahweh will turn his powerful judgment upon you]
2:16	pxw5		rc://*/ta/man/translate/figs-possession	כּ֚וֹס יְמִ֣ין יְהוָ֔ה	1	The author is using the possessive form to describe **the cup of the right hand of Yahweh**. This means the cup that Yahweh holds in his right hand to dispense judgment. If it would be helpful in your language, you could state the meaning plainly. Alternate translation: [the cup that Yahweh holds in his powerful hand]
2:16	t8xt		rc://*/ta/man/translate/figs-metonymy	יְמִ֣ין יְהוָ֔ה	1	Here, **the right hand** represents the power of **Yahweh**. If it would be helpful in your language, you could use an equivalent expression or state the meaning plainly. Alternate translation: [the power of Yahweh]
2:16	j9ip		rc://*/ta/man/translate/figs-abstractnouns	וְ⁠קִיקָל֖וֹן עַל־כְּבוֹדֶֽ⁠ךָ	1	If your language does not use abstract nouns for the ideas of **disgrace** and **glory**, you could express the same idea in another way. Alternate translation: [and what is disgraceful will cover what is glorious about you]
2:17	kfmh		rc://*/ta/man/translate/grammar-connect-logic-result	כִּ֣י חֲמַ֤ס לְבָנוֹן֙ יְכַסֶּ֔⁠ךָּ	1	The word translated as **For** indicates that what follows is a reason for what came before. Use a connector in your language that makes it clear that the violence against Lebanon is the reason for the judgment described in the previous verses. Alternate translation: [Because the violence done to Lebanon will overwhelm you]
2:17	kwa1		rc://*/ta/man/translate/figs-metaphor	חֲמַ֤ס לְבָנוֹן֙ יְכַסֶּ֔⁠ךָּ	1	Here the author is speaking of violence returning upon the oppressor as if it were a garment that would **cover** him. Your language may have a comparable expression that you can use here, or you could state the meaning plainly. Alternate translation: [the violent things you did to Lebanon will happen to you]
2:17	w0oz		rc://*/ta/man/translate/writing-pronouns	יְחִיתַ֑⁠ן	1	The pronoun **them** likely refers to the Babylonians, the same people addressed as **you** earlier in the verse. If it would be helpful in your language, you could clarify the referent. Alternate translation: [will terrify you]
2:18	xg2m		rc://*/ta/man/translate/figs-rquestion	מָֽה־הוֹעִ֣יל פֶּ֗סֶל כִּ֤י פְסָל⁠וֹ֙ יֹֽצְר֔⁠וֹ מַסֵּכָ֖ה וּ⁠מ֣וֹרֶה שָּׁ֑קֶר	1	Habakkuk is using the question form to emphasize that a carved image has no value at all. If a speaker of your language would not use the question form for that purpose, you could translate this as a statement. Alternate translation: [A carved image does not profit at all even though its fashioner has carved it, a molten idol and a teacher of lies.]
2:18	npel		rc://*/ta/man/translate/figs-possession	יֹֽצְר֔⁠וֹ	1	The author is using the possessive form to describe the relationship between an idol and the person who made it. If it would be helpful in your language, you could state the meaning plainly. Alternate translation: [the person who fashioned it]
2:18	gged		rc://*/ta/man/translate/grammar-connect-words-phrases	מַסֵּכָ֖ה וּ⁠מ֣וֹרֶה שָּׁ֑קֶר	1	The phrases **a molten idol and a teacher of lies** restate and further describe the **carved image** from earlier in the verse. If it would be helpful in your language, you could show this connection explicitly. Alternate translation: [that is, a molten idol, a teacher of lies]
2:18	rxsb		rc://*/ta/man/translate/figs-personification	וּ⁠מ֣וֹרֶה שָּׁ֑קֶר	1	The author is speaking of an idol as if it were a living person who could teach **lies**. If it would be helpful in your language, you could state the meaning plainly. Alternate translation: [and something that deceives]
2:18	h6cb		rc://*/ta/man/translate/figs-abstractnouns	וּ⁠מ֣וֹרֶה שָּׁ֑קֶר	1	If your language does not use an abstract noun for the idea of **lies**, you could express the same idea in another way. Alternate translation: [and a teacher of what is false]
2:18	n8aq		rc://*/ta/man/translate/writing-poetry	יֹצֵ֤ר יִצְר⁠וֹ֙	1	Habakkuk is using a construction in which a verb and its object come from the same root. You may be able to use the same construction in your language to express the meaning here. Alternatively, your language may have another way of saying this. Alternate translation: [the craftsman who shaped his own creation]
2:18	wuhl		rc://*/ta/man/translate/figs-possession	יִצְר⁠וֹ֙	1	The author is using the possessive form to describe the thing that someone has formed. If it would be helpful in your language, you could state the meaning plainly. Alternate translation: [the thing he has formed]
2:18	dl6i		rc://*/ta/man/translate/grammar-connect-logic-goal	לַ⁠עֲשׂ֖וֹת אֱלִילִ֥ים אִלְּמִֽים	1	Here, **to make mute idols** marks the purpose or result of the fashioner trusting in what he has formed. Use a connector in your language that makes it clear that this is the outcome of that trust. Alternate translation: [so that he ends up making mute idols]
2:19	h12r		rc://*/ta/man/translate/figs-exclamations	ה֣וֹי אֹמֵ֤ר לָ⁠עֵץ֙ הָקִ֔יצָ⁠ה ע֖וּרִי לְ⁠אֶ֣בֶן דּוּמָ֑ם	1	The word **Woe** here communicates a warning about coming disaster. If a speaker of your language would not express this as an exclamation, you could express the same idea in another way. Alternate translation: [Terrible things will happen to the one saying to the wood, Awake, to the silent stone, Arise]
2:19	iyzs		rc://*/ta/man/translate/figs-genericnoun	אֹמֵ֤ר לָ⁠עֵץ֙	1	The author is not referring to one specific person but to anyone who does this. If it would be helpful in your language, you could express this idea using a different form. Alternate translation: [anyone who says to the wood]
2:19	yabe		rc://*/ta/man/translate/figs-personification	אֹמֵ֤ר לָ⁠עֵץ֙ הָקִ֔יצָ⁠ה ע֖וּרִי לְ⁠אֶ֣בֶן דּוּמָ֑ם	1	The author is speaking of **wood** and **stone** as if they were living things that could wake up and arise. If it would be helpful in your language, you could state the meaning plainly. Alternate translation: [the one commanding a wooden idol to wake up and a stone idol to stand up]
2:19	m4p1		rc://*/ta/man/translate/figs-irony	ה֣וּא יוֹרֶ֔ה	1	The author actually means to communicate the opposite of the literal meaning of what he is saying here. **It teaches** is said about an idol that cannot speak, making the statement ironic. If a speaker of your language would not use irony for this purpose, you could state the meaning plainly. Alternate translation: [It cannot teach anything!]
2:19	tubn		rc://*/ta/man/translate/figs-metaphor	הִנֵּה	1	The author is using the term **Behold** to focus his listeners’ attention on what he is about to say. Your language may have a comparable expression that you can use here. Alternate translation: [Pay attention] or [Observe]
2:19	i2js		rc://*/ta/man/translate/figs-activepassive	ה֗וּא תָּפוּשׂ֙ זָהָ֣ב וָ⁠כֶ֔סֶף	1	If your language does not use the passive form in this way, you could express the idea in active form or in another way that is natural in your language. Alternate translation: [its maker has overlaid it with gold and silver]
2:19	cq5x		rc://*/ta/man/translate/figs-metonymy	וְ⁠כָל־ר֖וּחַ אֵ֥ין בְּ⁠קִרְבּֽ⁠וֹ	1	Here, **breath** represents life. If it would be helpful in your language, you could use an equivalent expression or state the meaning plainly. Alternate translation: [but there is not any life within it]
2:20	mhi5		rc://*/ta/man/translate/figs-abstractnouns	בְּ⁠הֵיכַ֣ל קָדְשׁ֑⁠וֹ	1	If your language does not use an abstract noun for the idea of **holiness**, you could express the same idea in another way. Alternate translation: [the temple that is set apart for him]
2:20	heu5		rc://*/ta/man/translate/figs-possession	בְּ⁠הֵיכַ֣ל קָדְשׁ֑⁠וֹ	1	The author is using the possessive form to describe the **temple** that belongs to Yahweh and is characterized by **holiness**. If it would be helpful in your language, you could state the meaning plainly. Alternate translation: [is in the temple where he dwells in holiness]
2:20	ka3x		rc://*/ta/man/translate/figs-exclamations	הַ֥ס מִ⁠פָּנָ֖י⁠ו כָּל־הָ⁠אָֽרֶץ	1	The word **Hush** here communicates a command for reverent silence. If a speaker of your language would not express this as an exclamation, you could express the same idea in another way. Alternate translation: [Let all the earth be silent from his face]
2:20	ptu8		rc://*/ta/man/translate/figs-metonymy	כָּל־הָ⁠אָֽרֶץ	1	Here, **all the earth** represents all the people living on the earth. If it would be helpful in your language, you could use an equivalent expression or state the meaning plainly. Alternate translation: [everyone everywhere]
2:20	zqus		rc://*/ta/man/translate/figs-metonymy	מִ⁠פָּנָ֖י⁠ו	1	Here, **his face** represents the presence of Yahweh. If it would be helpful in your language, you could use an equivalent expression or state the meaning plainly. Alternate translation: [from his presence] or [before him]
3:intro	dtwb				0	# Habakkuk 3 Chapter Introduction\n\n## Structure and Formatting\n\nThis chapter is a prayer-psalm (verse 1) describing a theophany, Yahweh’s appearance as a divine warrior. It includes a superscription (verse 1), a liturgical colophon or ending statement (end of verse 19), and three Selah markers, indicating it was used in temple worship.\n\n## Religious and Cultural Concepts in This Chapter\n\n### Theophany\n\nVerses 3-15 describe God coming from Teman with cosmic power, shaking mountains, splitting rivers, and commanding the sun and moon. These images draw on the tradition of Yahweh’s actions at the Red Sea.\n\n### From Terror to Trust\n\nThe chapter pivots at verse 16: Habakkuk trembles with fear at God’s power, yet resolves to wait quietly and rejoice even when all provision fails (verses 17-19).
3:1	s3ri		rc://*/ta/man/translate/translate-transliterate	שִׁגְיֹנֽוֹת	1	The word **shigyonoth** is from the original language. You will need to decide if you will use this word in its original-language form or if you will instead translate the meaning into your language. Either approach has broad support. The meaning of the word is uncertain, but it may refer to a type of passionate or emotional song. If you use the original-language word, you could spell it the way it sounds in your language and then put the translation in a footnote.
3:2	nhrb		rc://*/ta/man/translate/figs-metonymy	שִׁמְעֲ⁠ךָ֮	1	Here, **your report** represents the mighty deeds that people have reported about Yahweh. If it would be helpful in your language, you could use an equivalent expression or plain language. Alternate translation: [the report of your mighty deeds]
3:2	diqf		rc://*/ta/man/translate/figs-abstractnouns	פָּֽעָלְ⁠ךָ֙	1	If your language does not use an abstract noun for the idea of **work**, you could express the same idea in another way. Alternate translation: [what you have done]
3:2	vwep		rc://*/ta/man/translate/figs-idiom	בְּ⁠קֶ֤רֶב שָׁנִים֙	1	Habakkuk is using **In the midst of the years** as a common expression of the culture to mean “In our own time” or “In the present era.” If this phrase does not have that meaning for your readers, you could use a comparable expression from your language that does have that meaning, or you could state the meaning plainly. Alternate translation: [In our own time]
3:2	jk1b		rc://*/ta/man/translate/writing-pronouns	חַיֵּ֔י⁠הוּ	1	The pronoun **it** refers to Yahweh’s work mentioned earlier in the verse. It may be helpful to clarify this for your readers. Alternate translation: [revive your work]
3:2	v3dx		rc://*/ta/man/translate/figs-imperative	חַיֵּ֔י⁠הוּ	1	This is an imperative, but it communicates a polite request rather than a command. If the imperative does not communicate a polite request for your readers, then use a form in your language that communicates a polite request. It may be helpful to add an expression such as “please” to make this clear. Alternate translation: [please revive it]
3:2	uuz9		rc://*/ta/man/translate/figs-imperative	תּוֹדִ֑יעַ	1	This is an imperative, but it communicates a polite request rather than a command. If the imperative does not communicate a polite request for your readers, then use a form in your language that communicates a polite request. It may be helpful to add an expression such as “please” to make this clear. Alternate translation: [please make it known]
3:2	gbsh		rc://*/ta/man/translate/grammar-connect-logic-contrast	בְּ⁠רֹ֖גֶז רַחֵ֥ם תִּזְכּֽוֹר	1	Habakkuk uses the phrase **In wrath, remember compassion** to indicate a contrast between **wrath** and **compassion**. The implicit meaning is “even in wrath.” In your translation, indicate this contrast in a way that is natural in your language. Alternate translation: [Even in your wrath, remember compassion]
3:2	alu2		rc://*/ta/man/translate/figs-abstractnouns	בְּ⁠רֹ֖גֶז	1	If your language does not use an abstract noun for the idea of **wrath**, you could express the same idea in another way. Alternate translation: [In your wrathful condition]
3:2	gjk0		rc://*/ta/man/translate/figs-imperative	רַחֵ֥ם תִּזְכּֽוֹר	1	This is an imperative, but it communicates a polite request rather than a command. If the imperative does not communicate a polite request for your readers, then use a form in your language that communicates a polite request. It may be helpful to add an expression such as “please” to make this clear. Alternate translation: [please remember compassion]
3:2	sj5z		rc://*/ta/man/translate/figs-abstractnouns	רַחֵ֥ם	1	If your language does not use an abstract noun for the idea of **compassion**, you could express the same idea in another way. Alternate translation: [to be merciful]
3:2	hn8a		rc://*/ta/man/translate/figs-parallelism	בְּ⁠קֶ֤רֶב שָׁנִים֙ חַיֵּ֔י⁠הוּ בְּ⁠קֶ֥רֶב שָׁנִ֖ים תּוֹדִ֑יעַ	1	See how your translation team has decided to represent pairs of clauses in Hebrew poetry that mean basically the same thing. Alternate translation: [In our own time, renew your work and make it known]
3:3	yug5		rc://*/ta/man/translate/figs-parallelism	אֱל֨וֹהַ֙ מִ⁠תֵּימָ֣ן יָב֔וֹא וְ⁠קָד֥וֹשׁ מֵֽ⁠הַר־פָּארָ֖ן	1	See how your translation team has decided to represent pairs of clauses in Hebrew poetry that mean basically the same thing. Alternate translation: [God, the Holy One, came from the desert region south of Israel]
3:3	f4rx		rc://*/ta/man/translate/translate-names	מִ⁠תֵּימָ֣ן	1	The word **Teman** is the name of a region in Edom, south of Israel.
3:3	jh5x		rc://*/ta/man/translate/figs-ellipsis	וְ⁠קָד֥וֹשׁ מֵֽ⁠הַר־פָּארָ֖ן	1	Habakkuk is leaving out some of the words that in many languages a sentence would need in order to be complete. You can supply these words from the context if that would be clearer in your language. Alternate translation: [and the Holy One traveled from Mount Paran]
3:3	t2bz		rc://*/ta/man/translate/translate-names	מֵֽ⁠הַר־פָּארָ֖ן	1	The term **Mount Paran** is the name of a mountainous region south of Edom, possibly the southern portion of the Sinai Peninsula.
3:3	jdud		rc://*/ta/man/translate/figs-metaphor	כִּסָּ֤ה שָׁמַ֨יִם֙ הוֹד֔⁠וֹ	1	Habakkuk is speaking of God’s **splendor** as if it were a blanket that could **cover** the heavens. Your language may have a comparable expression that you can use in your translation, or you could state the meaning plainly. Alternate translation: [He spread his splendor across the heavens]
3:3	ap0z		rc://*/ta/man/translate/figs-metaphor	וּ⁠תְהִלָּת֖⁠וֹ מָלְאָ֥ה הָ⁠אָֽרֶץ	1	Habakkuk is speaking of God’s **praise** as if the earth were a vessel that his praise could **fill**. Your language may have a comparable expression that you can use in your translation, or you could state the meaning plainly. Alternate translation: [and people throughout the earth praised him]
3:4	b5gp		rc://*/ta/man/translate/figs-abstractnouns	וְ⁠נֹ֨גַהּ֙ כָּ⁠א֣וֹר תִּֽהְיֶ֔ה	1	If your language does not use an abstract noun for the idea of **brightness**, you could express the same idea in another way. Alternate translation: [And he shone as brightly as the light]
3:4	qack		rc://*/ta/man/translate/figs-simile	וְ⁠נֹ֨גַהּ֙ כָּ⁠א֣וֹר תִּֽהְיֶ֔ה	1	The point of this comparison is that just as **the light** is intensely radiant, so was God’s **brightness**. If it would be helpful in your language, you could make this point explicitly. Alternate translation: [And his brightness was intensely radiant]
3:4	sf64		rc://*/ta/man/translate/figs-metonymy	מִ⁠יָּד֖⁠וֹ	1	Here, **his hand** represents his power or his side. If it would be helpful in your language, you could use an equivalent expression or state the meaning plainly. Alternate translation: [from his side]
3:4	tgc7		rc://*/ta/man/translate/writing-pronouns	ל֑⁠וֹ	1	The pronoun **his** refers to God. It may be helpful to clarify this for your readers. Alternate translation: [God’s]
3:4	p38v		rc://*/ta/man/translate/figs-abstractnouns	וְ⁠שָׁ֖ם חֶבְי֥וֹן עֻזֹּֽ⁠ה	1	If your language does not use abstract nouns for the ideas of **hiding** and **strength**, you could express the same ideas in other ways. Alternate translation: [and there he hid how strong he is]
3:5	p986		rc://*/ta/man/translate/figs-metonymy	לְ⁠פָנָ֖י⁠ו	1	Here, **face** represents the presence of God. If it would be helpful in your language, you could use an equivalent expression or plain language. Alternate translation: [In his presence]
3:5	ei98		rc://*/ta/man/translate/writing-pronouns	לְ⁠פָנָ֖י⁠ו	1	The pronoun **his** refers to God, who is described in the previous verses. It may be helpful to clarify this for your readers. Alternate translation: [Before God’s face]
3:5	mogk		rc://*/ta/man/translate/figs-personification	יֵ֣לֶךְ דָּ֑בֶר	1	The author is speaking of **plague** as if it were a living thing that could walk. If it would be helpful in your language, you could state the meaning plainly. Alternate translation: [God sent plague]
3:5	rz6e		rc://*/ta/man/translate/figs-personification	וְ⁠יֵצֵ֥א רֶ֖שֶׁף	1	The author is speaking of **fiery bolts** as if they were a living thing that could go out. If it would be helpful in your language, you could state the meaning plainly. Alternate translation: [and God sent out fiery bolts]
3:5	sw12			רֶ֖שֶׁף	1	The word translated as **fiery bolts** can refer to different things. This could mean: (1) a burning fever or disease. Alternate translation: [a burning fever] or (2) flaming projectiles or burning coals, describing God’s destructive power against his enemies. Alternate translation: [burning coals went out at his feet] or (3) lightning bolts. Alternate translation: [lightning bolts]
3:6	s5ki		rc://*/ta/man/translate/translate-alternativereadings	וַ⁠יְמֹ֣דֶד	1	The word translated as **measured** is understood in two different ways by Bible scholars. This could mean: (1) God measured out the earth, surveying its full extent. Alternate translation: [he measured the earth] or (2) God shook the earth. Alternate translation: [he shook the earth]
3:6	azmo		rc://*/ta/man/translate/figs-parallelism	וַ⁠יִּתְפֹּֽצְצוּ֙ הַרְרֵי־עַ֔ד שַׁח֖וּ גִּבְע֣וֹת עוֹלָ֑ם	1	See how your translation team has decided to represent pairs of clauses in Hebrew poetry that mean basically the same thing. Alternate translation: [The most ancient mountains crumbled]
3:6	gp9k		rc://*/ta/man/translate/figs-activepassive	וַ⁠יִּתְפֹּֽצְצוּ֙ הַרְרֵי־עַ֔ד	1	If your language does not use the passive form in this way, you could express the idea in active form or in another way that is natural in your language. Alternate translation: [God shattered the eternal mountains]
3:6	tcb6		rc://*/ta/man/translate/figs-metaphor	הֲלִיכ֥וֹת עוֹלָ֖ם לֽ⁠וֹ	1	The author is speaking of God’s **goings** as if God’s ways of acting were physical journeys. If it would be helpful in your language, you could state the meaning plainly. Alternate translation: [His ways are everlasting]
3:7	ql86		rc://*/ta/man/translate/figs-abstractnouns	תַּ֣חַת אָ֔וֶן	1	If your language does not use an abstract noun for the idea of **trouble**, you could express the same idea in another way. Alternate translation: [While they suffered]
3:7	o0fi		rc://*/ta/man/translate/figs-metonymy	אָהֳלֵ֣י כוּשָׁ֑ן	1	The author is using **the tents of Cushan** to represent the people who live in them. If it would be helpful in your language, you could use an equivalent expression or plain language. Alternate translation: [the people of Cushan]
3:7	i5qr		rc://*/ta/man/translate/translate-names	כוּשָׁ֑ן	1	The word **Cushan** is the name of a people group or region. It may be related to Cush (Ethiopia).
3:7	jlor		rc://*/ta/man/translate/figs-metonymy	יְרִיע֖וֹת אֶ֥רֶץ מִדְיָֽן	1	The author is using **the curtains of the land of Midian** to represent the people who live in the tents. If it would be helpful in your language, you could use an equivalent expression or plain language. Alternate translation: [the people of the land of Midian]
3:7	e7km		rc://*/ta/man/translate/translate-names	מִדְיָֽן	1	The word **Midian** is the name of a place in southern Saudi Arabia. That name came from Midian, a son of Abraham born to Katurah.
3:8	nlg8		rc://*/ta/man/translate/figs-123person	הֲ⁠בִ⁠נְהָרִים֙ חָרָ֣ה יְהוָ֔ה אִ֤ם בַּ⁠נְּהָרִים֙ אַפֶּ֔⁠ךָ	1	The author refers to God in the third person as **Yahweh** in the first phrase and then shifts to the second person **your** in the next phrase. If this would be confusing in your language, you could use the second person throughout. Alternate translation: [Was it against the rivers that you burned? Or was your anger against the rivers?]
3:8	f638		rc://*/ta/man/translate/figs-rquestion	הֲ⁠בִ⁠נְהָרִים֙ חָרָ֣ה יְהוָ֔ה	1	The author is using this question as a way of emphasizing that Yahweh’s anger was not truly directed at the rivers. If you would not use a rhetorical question for this purpose in your language, you could translate this as a statement. Alternate translation: [It was not against the rivers that Yahweh burned.]
3:8	g55d		rc://*/ta/man/translate/figs-metaphor	חָרָ֣ה יְהוָ֔ה	1	The author is speaking of Yahweh as if he were a fire that **burned**. This image represents God’s anger. If it would be helpful in your language, you could state the meaning plainly. Alternate translation: [Yahweh was angry]
3:8	vjby		rc://*/ta/man/translate/figs-rquestion	אִ֤ם בַּ⁠נְּהָרִים֙ אַפֶּ֔⁠ךָ	1	The author is using this question as a way of restating the previous question for emphasis. If you would not use a rhetorical question for this purpose in your language, you could translate this as a statement. Alternate translation: [Neither was your anger against the rivers.]
3:8	f1qf		rc://*/ta/man/translate/figs-metonymy	אַפֶּ֔⁠ךָ	1	Here, **your nose** represents Yahweh’s anger. The word for nose in the source language is also the word for anger, since a person’s nostrils flare when they are angry. If it would be helpful in your language, you could use an equivalent expression or state the meaning plainly. Alternate translation: [your anger]
3:8	up56		rc://*/ta/man/translate/figs-rquestion	אִם־בַּ⁠יָּ֖ם עֶבְרָתֶ֑⁠ךָ כִּ֤י תִרְכַּב֙ עַל־סוּסֶ֔י⁠ךָ מַרְכְּבֹתֶ֖י⁠ךָ יְשׁוּעָֽה	1	The author is using this question as a way of restating the previous questions for emphasis. If you would not use a rhetorical question for this purpose in your language, you could translate this as a statement. Alternate translation: [Neither was your fury against the sea, when you rode on your horses, your chariots of salvation.]
3:8	xvik		rc://*/ta/man/translate/figs-abstractnouns	אִם־בַּ⁠יָּ֖ם עֶבְרָתֶ֑⁠ךָ	1	If your language does not use an abstract noun for the idea of **fury**, you could express the same idea in another way. Alternate translation: [Or were you furious at the sea]
3:8	gxmu		rc://*/ta/man/translate/figs-metaphor	תִרְכַּב֙ עַל־סוּסֶ֔י⁠ךָ מַרְכְּבֹתֶ֖י⁠ךָ יְשׁוּעָֽה	1	The author is speaking of God as if he were a warrior who rode on horses and drove chariots. This image represents God coming in power to fight for his people. If it would be helpful in your language, you could state the meaning plainly. Alternate translation: [you came in great power to save your people]
3:8	f9ja		rc://*/ta/man/translate/figs-ellipsis	מַרְכְּבֹתֶ֖י⁠ךָ	1	Habakkuk is leaving out some of the words that in many languages a sentence would need in order to be complete. You can supply these words from the context if that would be clearer in your language. Alternate translation: [or on your chariots of]
3:8	fcl0		rc://*/ta/man/translate/figs-abstractnouns	מַרְכְּבֹתֶ֖י⁠ךָ יְשׁוּעָֽה	1	If your language does not use an abstract noun for the idea of **salvation**, you could express the same idea in another way. Alternate translation: [your chariots to save your people]
3:9	u79m		rc://*/ta/man/translate/figs-activepassive	עֶרְיָ֤ה תֵעוֹר֙ קַשְׁתֶּ֔⁠ךָ	1	If your language does not use the passive form in this way, you could express the idea in active form or in another way that is natural in your language. Alternate translation: [You completely bared your bow] or [You made your bow ready for action]
3:9	ustl		rc://*/ta/man/translate/figs-metaphor	עֶרְיָ֤ה תֵעוֹר֙ קַשְׁתֶּ֔⁠ךָ	1	The author is speaking of God as if he were a warrior who readied a **bow** for battle. This image represents God preparing to act in power against his enemies. If it would be helpful in your language, you could state the meaning plainly. Alternate translation: [You prepared your weapons completely]
3:9	hhzj		rc://*/ta/man/translate/figs-metaphor	קַשְׁתֶּ֔⁠ךָ	1	Habakkuk is speaking of **Your bow** as the means by which Yahweh would shoot arrows of lightning. If it would be helpful in your language, you could state the meaning plainly. Alternate translation: [Your weapon for shooting lightning]
3:9	ghgj		rc://*/ta/man/translate/translate-textvariants	שְׁבֻע֥וֹת מַטּ֖וֹת אֹ֣מֶר	1	The meaning of this phrase is uncertain, and Bible scholars have understood it in different ways. Some read it as referring to God acting in fulfillment of the oaths he had sworn to the tribal leaders of Israel. Others understand it to mean that God readied his arrows for battle as he had vowed. If a translation of the Bible exists in your region, you may wish to follow its reading. If not, you could state the meaning plainly, as the UST does.
3:10	vsxt		rc://*/ta/man/translate/figs-personification	רָא֤וּ⁠ךָ יָחִ֨ילוּ֙ הָרִ֔ים	1	The author is speaking of **the mountains** as if they were a person who could see and writhe in pain. If it would be helpful in your language, you could state the meaning plainly. Alternate translation: [The mountains shook when you appeared]
3:10	fkq2		rc://*/ta/man/translate/figs-personification	נָתַ֤ן תְּהוֹם֙ קוֹל֔⁠וֹ	1	The author is speaking of **the deep** as if it were a person who could speak. The **voice** represents the loud sound of the waters. If it would be helpful in your language, you could state the meaning plainly. Alternate translation: [The deep waters sounded loud]
3:10	dv19		rc://*/ta/man/translate/figs-personification	ר֖וֹם יָדֵ֥י⁠הוּ נָשָֽׂא	1	The author is speaking of the deep waters as if they were a person who could lift **hands** on high. The raised hands represent the rising waves. If it would be helpful in your language, you could state the meaning plainly. Alternate translation: [its waves rose very high]
3:11	jxy4		rc://*/ta/man/translate/figs-personification	שֶׁ֥מֶשׁ יָרֵ֖חַ עָ֣מַד	1	Habakkuk is speaking of **the sun** and **moon** as if they were living things that could have **stood still**. If it would be helpful in your language, you could state the meaning plainly. Alternate translation: [The sun and moon became stationary]
3:11	b7ir		rc://*/ta/man/translate/figs-metaphor	לְ⁠א֤וֹר חִצֶּ֨י⁠ךָ֙ יְהַלֵּ֔כוּ לְ⁠נֹ֖גַהּ בְּרַ֥ק חֲנִיתֶֽ⁠ךָ	1	Here Habakkuk is speaking of lightning as if it were **arrows** and a **spear** that God uses as weapons. If this image communicates well in your language, please use it. If not, you could express this as a comparison. Alternate translation: [at the flash of your lightning bolts as they streaked, at the gleam of your flashing lightning]
3:12	t0o3		rc://*/ta/man/translate/figs-abstractnouns	בְּ⁠זַ֖עַם תִּצְעַד־אָ֑רֶץ בְּ⁠אַ֖ף	1	If your language does not use abstract nouns for the ideas of **indignation** and **anger**, you could express the same ideas in other ways. Alternate translation: [Because you were indignant, you marched through the earth; because you were angry,]
3:12	z58w		rc://*/ta/man/translate/figs-metaphor	תָּד֥וּשׁ גּוֹיִֽם	1	Here Habakkuk is speaking of God’s destruction of the nations as if he were a farmer who **threshed** grain. Your language may have a comparable expression that you can use in your translation, or you could state the meaning plainly. Alternate translation: [you crushed the nations]
3:13	vq3w		rc://*/ta/man/translate/figs-parallelism	לְ⁠יֵ֣שַׁע עַמֶּ֔⁠ךָ לְ⁠יֵ֖שַׁע אֶת־מְשִׁיחֶ֑⁠ךָ	1	See how your translation team has decided to represent pairs of clauses in Hebrew poetry that mean basically the same thing. Alternate translation: [to save your people, that is, to save your chosen king]
3:13	qwhz		rc://*/ta/man/translate/figs-metaphor	מָחַ֤צְתָּ רֹּאשׁ֙ מִ⁠בֵּ֣ית רָשָׁ֔ע עָר֛וֹת יְס֥וֹד עַד־צַוָּ֖אר	1	Habakkuk is using two images together. He is speaking of the wicked person’s dynasty as if it were a **house** with a **foundation**, and he is speaking of God’s destruction of the leader as if it were an execution by beheading, **striking** the **head** and **laying bare** to the **neck**. Your language may have comparable expressions that you can use in your translation, or you could state the meaning plainly. Alternate translation: [destroyed the wicked leader and exposed all his followers]
3:13	poq2		rc://*/ta/man/translate/figs-nominaladj	רָשָׁ֔ע	1	Habakkuk is using the adjective **wicked** as a noun to mean a certain kind of person. Your language may use adjectives in the same way. If not, you can translate this adjective with an equivalent phrase. Alternate translation: [of the wicked one]
3:14	b2qe		rc://*/ta/man/translate/writing-pronouns	בְ⁠מַטָּי⁠ו֙	1	The pronoun **his** refers to the enemy leader. It may be helpful to clarify this for your readers. Alternate translation: [with the enemy’s own staffs]
3:14	yu1p		rc://*/ta/man/translate/figs-metonymy	רֹ֣אשׁ פרז⁠ו	1	Here, **head** represents the leader of the warriors. If it would be helpful in your language, you could use an equivalent expression or state the meaning plainly. Alternate translation: [the commander of his warriors]
3:14	ukys		rc://*/ta/man/translate/writing-pronouns	יִסְעֲר֖וּ	1	The pronoun **They** refers to the enemy warriors. It may be helpful to clarify this for your readers. Alternate translation: [The enemy warriors stormed]
3:14	u6xe		rc://*/ta/man/translate/figs-metaphor	יִסְעֲר֖וּ	1	Habakkuk is speaking of the enemy warriors’ attack as if they were a violent **storm**. Your language may have a comparable expression that you can use in your translation, or you could state the meaning plainly. Alternate translation: [They rushed violently]
3:14	xv15		rc://*/ta/man/translate/figs-synecdoche	לַ⁠הֲפִיצֵ֑⁠נִי	1	Habakkuk is using himself, one person, to represent all of his people. If it would be helpful in your language, you could state the meaning plainly. Alternate translation: [to scatter us]
3:14	jbls		rc://*/ta/man/translate/grammar-connect-logic-goal	לַ⁠הֲפִיצֵ֑⁠נִי	1	Here, **to scatter me** marks scattering Habakkuk’s people as the goal or purpose of the enemy warriors storming. Use a connector in your language that makes it clear that this is the purpose. Alternate translation: [in order to scatter me]
3:14	n6md		rc://*/ta/man/translate/figs-abstractnouns	עֲלִ֣יצֻתָ֔⁠ם כְּמוֹ	1	If your language does not use an abstract noun for the idea of **exultation**, you could express the same idea in another way. Alternate translation: [they exulted as if]
3:14	r0cw		rc://*/ta/man/translate/figs-simile	כְּמוֹ־לֶ⁠אֱכֹ֥ל עָנִ֖י בַּ⁠מִּסְתָּֽר	1	The point of this comparison is that just as a wild animal devours helpless prey in hiding, so the enemy warriors eagerly attacked the helpless. If it would be helpful in your language, you could make this point explicitly. Alternate translation: [was like those enjoy destroying helpless people privately]
3:14	t9c9		rc://*/ta/man/translate/figs-nominaladj	עָנִ֖י	1	Habakkuk is using the adjective **afflicted** as a noun to mean a certain kind of person. Your language may use adjectives in the same way. If not, you can translate this adjective with an equivalent phrase. Alternate translation: [afflicted people]
3:15	ffo8		rc://*/ta/man/translate/figs-metaphor	דָּרַ֥כְתָּ בַ⁠יָּ֖ם סוּסֶ֑י⁠ךָ	1	Habakkuk is speaking of God as if God were a warrior riding **horses** through the **sea**. He is basing this image on the Israelites’ historic Red Sea crossing. The **horses** represent God’s power in battle and the **sea** represents God’s enemies. Your language may have a comparable expression that you can use in your translation, or you could state the meaning plainly. Alternate translation: [You triumphed over your enemies]
3:15	rq2y		rc://*/ta/man/translate/figs-ellipsis	חֹ֖מֶר מַ֥יִם רַבִּֽים	1	Habakkuk is leaving out some of the words that in many languages a sentence would need in order to be complete. You can supply these words from the context if that would be clearer in your language. Alternate translation: [you trod through the heap of great waters]
3:16	hth0		rc://*/ta/man/translate/figs-metaphor	וַ⁠תִּרְגַּ֣ז בִּטְנִ֗⁠י	1	Here Habakkuk is speaking of his inner emotional turmoil as if his **belly trembled**. Your language may have a comparable expression that you can use in your translation, or you could state the meaning plainly. Alternate translation: [and I was deeply shaken inside]
3:16	bqik		rc://*/ta/man/translate/figs-personification	יָב֥וֹא רָקָ֛ב בַּ⁠עֲצָמַ֖⁠י	1	Habakkuk is speaking of **Decay** as if it were a living thing that could **entered into** his **bones**. If it would be helpful in your language, you could state the meaning plainly. Alternate translation: [My bones felt weak and rotten]
3:16	hvp6		rc://*/ta/man/translate/figs-abstractnouns	רָקָ֛ב	1	If your language does not use an abstract noun for the idea of **Decay**, you could express the same idea in another way. Alternate translation: [A feeling of rot]
3:16	f9c0		rc://*/ta/man/translate/grammar-connect-logic-contrast	אֲשֶׁ֤ר אָנ֨וּחַ֙ לְ⁠י֣וֹם צָרָ֔ה	1	Habakkuk uses the word **yet** here to indicate a contrast between his trembling and his quiet trust. Despite his overwhelming fear, he resolves to wait for God to act. In your translation, indicate this contrast in a way that is natural in your language. Alternate translation: [Even so, I will wait quietly for the day of distress]
3:16	nqug		rc://*/ta/man/translate/figs-idiom	לְ⁠י֣וֹם צָרָ֔ה	1	Habakkuk is using **the day of distress** to refer to the occasion when distress would come. If it would be helpful in your language, you could state the meaning plainly. Alternate translation: [for the time of distress]
3:16	g5sx		rc://*/ta/man/translate/figs-abstractnouns	צָרָ֔ה	1	If your language does not use an abstract noun for the idea of **distress**, you could express the same idea in another way. Alternate translation: [great trouble]
3:17	rzbd		rc://*/ta/man/translate/grammar-connect-logic-contrast	כִּֽי	1	Here Habakkuk uses the word **Though** to introduce a contrast. Despite the complete failure of crops and livestock described in this verse, Habakkuk will still rejoice in Yahweh (verse 18). Use a connector in your language that indicates a strong contrast between an undesirable situation and an unexpected response. Alternate translation: [Even though]
3:17	vn0q		rc://*/ta/man/translate/figs-personification	כִּחֵשׁ֙ מַעֲשֵׂה־זַ֔יִת	1	Habakkuk is speaking of **the work of the olive** as if it were a person who could be **deceptive**. If it would be helpful in your language, you could state the meaning plainly. Alternate translation: [the olive tree has failed to produce a crop]
3:17	bic9		rc://*/ta/man/translate/figs-possession	מַעֲשֵׂה־זַ֔יִת	1	Habakkuk is using the possessive form to describe **the work** that is done by **the olive** tree, that is, the olives or oil that the olive tree produces. If it would be helpful in your language, you could state the meaning plainly. Alternate translation: [the crop from the olive tree]
3:17	bkh3		rc://*/ta/man/translate/figs-parallelism	גָּזַ֤ר מִ⁠מִּכְלָה֙ צֹ֔אן וְ⁠אֵ֥ין בָּקָ֖ר בָּ⁠רְפָתִֽים	1	See how your translation team has decided to represent pairs of clauses in Hebrew poetry that mean basically the same thing. Alternate translation: [and we have no domestic animals]
3:17	k5mm		rc://*/ta/man/translate/figs-activepassive	גָּזַ֤ר מִ⁠מִּכְלָה֙ צֹ֔אן	1	If your language does not use the passive form in this way, you could express the idea in active form or in another way that is natural in your language. Alternate translation: [the sheep and goats vanish from their pens]
3:18	vply		rc://*/ta/man/translate/writing-pronouns	וַ⁠אֲנִ֖י בַּ⁠יהוָ֣ה אֶעְל֑וֹזָה	1	Habakkuk is stating the pronoun **I** separately and repeating it, even though the verb translated as **will exult** already includes this meaning. He is doing that to emphasize his personal commitment to joy in Yahweh despite the circumstances. If a speaker of your language would use an explicit pronoun for the same purpose, you may want to use that construction in your translation. If not, your language may have other ways of showing the meaning here. Alternate translation: [Yet as for me, I will exult in Yahweh]
3:18	a00k		rc://*/ta/man/translate/figs-parallelism	בַּ⁠יהוָ֣ה אֶעְל֑וֹזָה אָגִ֖ילָה בֵּ⁠אלֹהֵ֥י יִשְׁעִֽ⁠י	1	See how your translation team has decided to represent pairs of clauses in Hebrew poetry that mean basically the same thing. Alternate translation: [I will greatly rejoice in Yahweh, God my Savior]
3:19	nwq9		rc://*/ta/man/translate/figs-metaphor	יְהוִ֤הּ אֲדֹנָ⁠י֙ חֵילִ֔⁠י	1	Here Habakkuk is speaking of **Yahweh the Lord** as if he were **strength** itself. Your language may have a comparable expression that you can use in your translation, or you could state the meaning plainly. Alternate translation: [Yahweh the Lord strengthens me]
3:19	ni78		rc://*/ta/man/translate/figs-simile	וַ⁠יָּ֤שֶׂם רַגְלַ⁠י֙ כָּֽ⁠אַיָּל֔וֹת	1	The point of this comparison is that just as **deer** are able to walk with sure footing on steep and rocky terrain, so God gives Habakkuk the same kind of stability and confidence. If it would be helpful in your language, you could make this point explicitly. Alternate translation: [and he made my feet as sure-footed as deer’s feet]
3:19	p0nj		rc://*/ta/man/translate/figs-ellipsis	וַ⁠יָּ֤שֶׂם רַגְלַ⁠י֙ כָּֽ⁠אַיָּל֔וֹת	1	Habakkuk is leaving out some of the words that in many languages a sentence would need in order to be complete. You can supply these words from the context if that would be clearer in your language. Alternate translation: [and he made my feet like the feet of the deer]
3:19	gt8d		rc://*/ta/man/translate/figs-metaphor	וְ⁠עַ֥ל בָּמוֹתַ֖⁠י יַדְרִכֵ֑⁠נִי	1	Here Habakkuk is speaking of positions of safety and victory as if they were **high places** on which he could walk. If this image communicates well in your language, please use it. If not, you could express this as a comparison. Alternate translation: [and in my places of safety he enables me to walk securely]
3:19	ptg2		rc://*/ta/man/translate/translate-unknown	לַ⁠מְנַצֵּ֖חַ	1	Here, **the chief musician** refers to a person who directed the singing and playing of music at the temple. This closing line indicates that the prayer in verses 1–19 was intended for use in temple worship. If your readers would not be familiar with this role, you could use a more general term. Alternate translation: [For the music director] or [For the worship leader]
3:19	eyo3		rc://*/ta/man/translate/translate-unknown	בִּ⁠נְגִינוֹתָֽי	1	Here, **my stringed instruments** refers to stringed musical instruments used in worship. This indicates how the prayer of verses 1–19 was to be accompanied. If your readers would not be familiar with this type of instrument, you could use a more general term. Alternate translation: [to be accompanied by my stringed instruments] or [with music from stringed instruments]
